BestFit,Insercao,Livres Ocupados,185
BestFit,Insercao,Livres Ocupados,159
BestFit,Insercao,Livres Ocupados,159
BestFit,Insercao,Livres Ocupados,145
BestFit,Insercao,Livres Ocupados,164
BestFit,Insercao,Livres Ocupados,149
BestFit,Insercao,Livres Ocupados,162
BestFit,Insercao,Livres Ocupados,144
BestFit,Insercao,Livres Ocupados,166
BestFit,Insercao,Livres Ocupados,156
BestFit,Insercao,Livres Ocupados,159
BestFit,Insercao,Livres Ocupados,163
BestFit,Insercao,Livres Ocupados,148
BestFit,Insercao,Livres Ocupados,162
BestFit,Insercao,Livres Ocupados,203
BestFit,Insercao,Livres Ocupados,152
BestFit,Insercao,Livres Ocupados,160
BestFit,Insercao,Livres Ocupados,153
BestFit,Insercao,Livres Ocupados,158
BestFit,Insercao,Livres Ocupados,151
BestFit,Insercao,Livres Ocupados,182
BestFit,Insercao,Livres Ocupados,165
BestFit,Insercao,Livres Ocupados,167
BestFit,Insercao,Livres Ocupados,201
BestFit,Insercao,Livres Ocupados,169
BestFit,Insercao,Livres Ocupados,150
BestFit,Insercao,Livres Ocupados,155
BestFit,Insercao,Livres Ocupados,146
BestFit,Insercao,Livres Ocupados,171
BestFit,Insercao,Livres Ocupados,151
BestFit,Insercao,Livres Ocupados,159
BestFit,Insercao,Livres Ocupados,177
BestFit,Insercao,Livres Ocupados,165
BestFit,Insercao,Livres Ocupados,162
BestFit,Insercao,Livres Ocupados,154
BestFit,Insercao,Livres Ocupados,157
BestFit,Insercao,Livres Ocupados,162
BestFit,Insercao,Livres Ocupados,174
BestFit,Insercao,Livres Ocupados,169
BestFit,Insercao,Livres Ocupados,200
BestFit,Insercao,Livres Ocupados,179
BestFit,Insercao,Livres Ocupados,160
BestFit,Insercao,Livres Ocupados,231
BestFit,Insercao,Livres Ocupados,170
BestFit,Insercao,Livres Ocupados,159
BestFit,Insercao,Livres Ocupados,153
BestFit,Insercao,Livres Ocupados,169
BestFit,Insercao,Livres Ocupados,166
BestFit,Insercao,Livres Ocupados,219
BestFit,Insercao,Livres Ocupados,178
BestFit,Insercao,Livres Ocupados,158
BestFit,Insercao,Livres Ocupados,171
BestFit,Insercao,Livres Ocupados,172
BestFit,Insercao,Livres Ocupados,183
BestFit,Insercao,Livres Ocupados,170
BestFit,Insercao,Livres Ocupados,166
BestFit,Insercao,Livres Ocupados,180
BestFit,Insercao,Livres Ocupados,170
BestFit,Insercao,Livres Ocupados,167
BestFit,Insercao,Livres Ocupados,193
BestFit,Insercao,Livres Ocupados,160
BestFit,Insercao,Livres Ocupados,185
BestFit,Insercao,Livres Ocupados,161
BestFit,Insercao,Livres Ocupados,168
BestFit,Insercao,Livres Ocupados,170
BestFit,Insercao,Livres Ocupados,153
BestFit,Insercao,Livres Ocupados,199
BestFit,Insercao,Livres Ocupados,160
BestFit,Insercao,Livres Ocupados,155
BestFit,Insercao,Livres Ocupados,138
BestFit,Insercao,Livres Ocupados,155
BestFit,Insercao,Livres Ocupados,201
BestFit,Insercao,Livres Ocupados,177
BestFit,Insercao,Livres Ocupados,168
BestFit,Insercao,Livres Ocupados,175
BestFit,Insercao,Livres Ocupados,157
BestFit,Insercao,Livres Ocupados,166
BestFit,Insercao,Livres Ocupados,183
BestFit,Insercao,Livres Ocupados,172
BestFit,Insercao,Livres Ocupados,202
BestFit,Insercao,Livres Ocupados,187
BestFit,Insercao,Livres Ocupados,213
BestFit,Insercao,Livres Ocupados,168
BestFit,Insercao,Livres Ocupados,202
BestFit,Insercao,Livres Ocupados,204
BestFit,Insercao,Livres Ocupados,164
BestFit,Insercao,Livres Ocupados,168
BestFit,Insercao,Livres Ocupados,188
BestFit,Insercao,Livres Ocupados,188
BestFit,Insercao,Livres Ocupados,173
BestFit,Insercao,Livres Ocupados,196
BestFit,Insercao,Livres Ocupados,291
BestFit,Insercao,Livres Ocupados,201
BestFit,Insercao,Livres Ocupados,198
BestFit,Insercao,Livres Ocupados,188
BestFit,Insercao,Livres Ocupados,181
BestFit,Insercao,Livres Ocupados,198
BestFit,Insercao,Livres Ocupados,186
BestFit,Insercao,Livres Ocupados,220
