BestFit,Insercao,Livres Ocupados,161
BestFit,Insercao,Livres Ocupados,163
BestFit,Insercao,Livres Ocupados,162
BestFit,Insercao,Livres Ocupados,145
BestFit,Insercao,Livres Ocupados,190
BestFit,Insercao,Livres Ocupados,145
BestFit,Insercao,Livres Ocupados,167
BestFit,Insercao,Livres Ocupados,142
BestFit,Insercao,Livres Ocupados,193
BestFit,Insercao,Livres Ocupados,168
BestFit,Insercao,Livres Ocupados,192
BestFit,Insercao,Livres Ocupados,178
BestFit,Insercao,Livres Ocupados,149
BestFit,Insercao,Livres Ocupados,172
BestFit,Insercao,Livres Ocupados,158
BestFit,Insercao,Livres Ocupados,145
BestFit,Insercao,Livres Ocupados,153
BestFit,Insercao,Livres Ocupados,191
BestFit,Insercao,Livres Ocupados,169
BestFit,Insercao,Livres Ocupados,165
BestFit,Insercao,Livres Ocupados,147
BestFit,Insercao,Livres Ocupados,225
BestFit,Insercao,Livres Ocupados,188
BestFit,Insercao,Livres Ocupados,163
BestFit,Insercao,Livres Ocupados,167
BestFit,Insercao,Livres Ocupados,150
BestFit,Insercao,Livres Ocupados,217
BestFit,Insercao,Livres Ocupados,145
BestFit,Insercao,Livres Ocupados,160
BestFit,Insercao,Livres Ocupados,157
BestFit,Insercao,Livres Ocupados,154
BestFit,Insercao,Livres Ocupados,168
BestFit,Insercao,Livres Ocupados,155
BestFit,Insercao,Livres Ocupados,170
BestFit,Insercao,Livres Ocupados,157
BestFit,Insercao,Livres Ocupados,168
BestFit,Insercao,Livres Ocupados,184
BestFit,Insercao,Livres Ocupados,174
BestFit,Insercao,Livres Ocupados,201
BestFit,Insercao,Livres Ocupados,175
BestFit,Insercao,Livres Ocupados,165
BestFit,Insercao,Livres Ocupados,172
BestFit,Insercao,Livres Ocupados,183
BestFit,Insercao,Livres Ocupados,166
BestFit,Insercao,Livres Ocupados,197
BestFit,Insercao,Livres Ocupados,160
BestFit,Insercao,Livres Ocupados,175
BestFit,Insercao,Livres Ocupados,176
BestFit,Insercao,Livres Ocupados,166
BestFit,Insercao,Livres Ocupados,175
BestFit,Insercao,Livres Ocupados,239
BestFit,Insercao,Livres Ocupados,175
BestFit,Insercao,Livres Ocupados,165
BestFit,Insercao,Livres Ocupados,208
BestFit,Insercao,Livres Ocupados,141
BestFit,Insercao,Livres Ocupados,166
BestFit,Insercao,Livres Ocupados,148
BestFit,Insercao,Livres Ocupados,170
BestFit,Insercao,Livres Ocupados,163
BestFit,Insercao,Livres Ocupados,161
BestFit,Insercao,Livres Ocupados,164
BestFit,Insercao,Livres Ocupados,183
BestFit,Insercao,Livres Ocupados,151
BestFit,Insercao,Livres Ocupados,189
BestFit,Insercao,Livres Ocupados,186
BestFit,Insercao,Livres Ocupados,172
BestFit,Insercao,Livres Ocupados,198
BestFit,Insercao,Livres Ocupados,184
BestFit,Insercao,Livres Ocupados,196
BestFit,Insercao,Livres Ocupados,146
BestFit,Insercao,Livres Ocupados,156
BestFit,Insercao,Livres Ocupados,149
BestFit,Insercao,Livres Ocupados,205
BestFit,Insercao,Livres Ocupados,187
BestFit,Insercao,Livres Ocupados,193
BestFit,Insercao,Livres Ocupados,160
BestFit,Insercao,Livres Ocupados,196
BestFit,Insercao,Livres Ocupados,176
BestFit,Insercao,Livres Ocupados,165
BestFit,Insercao,Livres Ocupados,175
BestFit,Insercao,Livres Ocupados,191
BestFit,Insercao,Livres Ocupados,200
BestFit,Insercao,Livres Ocupados,203
BestFit,Insercao,Livres Ocupados,193
BestFit,Insercao,Livres Ocupados,167
BestFit,Insercao,Livres Ocupados,194
BestFit,Insercao,Livres Ocupados,183
BestFit,Insercao,Livres Ocupados,150
BestFit,Insercao,Livres Ocupados,175
BestFit,Insercao,Livres Ocupados,209
BestFit,Insercao,Livres Ocupados,154
BestFit,Insercao,Livres Ocupados,170
BestFit,Insercao,Livres Ocupados,165
BestFit,Insercao,Livres Ocupados,174
BestFit,Insercao,Livres Ocupados,232
BestFit,Insercao,Livres Ocupados,204
BestFit,Insercao,Livres Ocupados,197
BestFit,Insercao,Livres Ocupados,309
BestFit,Insercao,Livres Ocupados,181
BestFit,Insercao,Livres Ocupados,253
BestFit,Insercao,Livres Ocupados,188
