BestFit,Insercao,Livres Ocupados,42
BestFit,Insercao,Livres Ocupados,39
BestFit,Insercao,Livres Ocupados,47
BestFit,Insercao,Livres Ocupados,38
BestFit,Insercao,Livres Ocupados,43
BestFit,Insercao,Livres Ocupados,59
BestFit,Insercao,Livres Ocupados,43
BestFit,Insercao,Livres Ocupados,39
BestFit,Insercao,Livres Ocupados,42
BestFit,Insercao,Livres Ocupados,53
BestFit,Insercao,Livres Ocupados,43
BestFit,Insercao,Livres Ocupados,55
BestFit,Insercao,Livres Ocupados,43
BestFit,Insercao,Livres Ocupados,71
BestFit,Insercao,Livres Ocupados,72
BestFit,Insercao,Livres Ocupados,39
BestFit,Insercao,Livres Ocupados,60
BestFit,Insercao,Livres Ocupados,43
BestFit,Insercao,Livres Ocupados,66
BestFit,Insercao,Livres Ocupados,70
BestFit,Insercao,Livres Ocupados,46
BestFit,Insercao,Livres Ocupados,45
BestFit,Insercao,Livres Ocupados,53
BestFit,Insercao,Livres Ocupados,44
BestFit,Insercao,Livres Ocupados,60
BestFit,Insercao,Livres Ocupados,40
BestFit,Insercao,Livres Ocupados,49
BestFit,Insercao,Livres Ocupados,41
BestFit,Insercao,Livres Ocupados,45
BestFit,Insercao,Livres Ocupados,44
BestFit,Insercao,Livres Ocupados,39
BestFit,Insercao,Livres Ocupados,46
BestFit,Insercao,Livres Ocupados,44
BestFit,Insercao,Livres Ocupados,107
BestFit,Insercao,Livres Ocupados,46
BestFit,Insercao,Livres Ocupados,61
BestFit,Insercao,Livres Ocupados,48
BestFit,Insercao,Livres Ocupados,49
BestFit,Insercao,Livres Ocupados,51
BestFit,Insercao,Livres Ocupados,49
BestFit,Insercao,Livres Ocupados,47
BestFit,Insercao,Livres Ocupados,50
BestFit,Insercao,Livres Ocupados,48
BestFit,Insercao,Livres Ocupados,51
BestFit,Insercao,Livres Ocupados,46
BestFit,Insercao,Livres Ocupados,52
BestFit,Insercao,Livres Ocupados,55
BestFit,Insercao,Livres Ocupados,48
BestFit,Insercao,Livres Ocupados,50
BestFit,Insercao,Livres Ocupados,48
BestFit,Insercao,Livres Ocupados,38
BestFit,Insercao,Livres Ocupados,56
BestFit,Insercao,Livres Ocupados,50
BestFit,Insercao,Livres Ocupados,46
BestFit,Insercao,Livres Ocupados,47
BestFit,Insercao,Livres Ocupados,45
BestFit,Insercao,Livres Ocupados,48
BestFit,Insercao,Livres Ocupados,47
BestFit,Insercao,Livres Ocupados,46
BestFit,Insercao,Livres Ocupados,42
BestFit,Insercao,Livres Ocupados,37
BestFit,Insercao,Livres Ocupados,43
BestFit,Insercao,Livres Ocupados,46
BestFit,Insercao,Livres Ocupados,80
BestFit,Insercao,Livres Ocupados,73
BestFit,Insercao,Livres Ocupados,49
BestFit,Insercao,Livres Ocupados,55
BestFit,Insercao,Livres Ocupados,47
BestFit,Insercao,Livres Ocupados,45
BestFit,Insercao,Livres Ocupados,54
BestFit,Insercao,Livres Ocupados,43
BestFit,Insercao,Livres Ocupados,50
BestFit,Insercao,Livres Ocupados,51
BestFit,Insercao,Livres Ocupados,72
BestFit,Insercao,Livres Ocupados,47
BestFit,Insercao,Livres Ocupados,41
BestFit,Insercao,Livres Ocupados,41
BestFit,Insercao,Livres Ocupados,58
BestFit,Insercao,Livres Ocupados,45
BestFit,Insercao,Livres Ocupados,48
BestFit,Insercao,Livres Ocupados,67
BestFit,Insercao,Livres Ocupados,49
BestFit,Insercao,Livres Ocupados,58
BestFit,Insercao,Livres Ocupados,49
BestFit,Insercao,Livres Ocupados,52
BestFit,Insercao,Livres Ocupados,58
BestFit,Insercao,Livres Ocupados,54
BestFit,Insercao,Livres Ocupados,43
BestFit,Insercao,Livres Ocupados,49
BestFit,Insercao,Livres Ocupados,63
BestFit,Insercao,Livres Ocupados,87
BestFit,Insercao,Livres Ocupados,52
BestFit,Insercao,Livres Ocupados,50
BestFit,Insercao,Livres Ocupados,49
BestFit,Insercao,Livres Ocupados,58
BestFit,Insercao,Livres Ocupados,62
BestFit,Insercao,Livres Ocupados,63
BestFit,Insercao,Livres Ocupados,69
BestFit,Insercao,Livres Ocupados,74
BestFit,Insercao,Livres Ocupados,69
BestFit,Insercao,Livres Ocupados,79
