FirstFit,Insercao,Livres Ocupados,17
FirstFit,Insercao,Livres Ocupados,6
FirstFit,Insercao,Livres Ocupados,13
FirstFit,Insercao,Livres Ocupados,56
FirstFit,Insercao,Livres Ocupados,12
FirstFit,Insercao,Livres Ocupados,31
FirstFit,Insercao,Livres Ocupados,14
FirstFit,Insercao,Livres Ocupados,43
FirstFit,Insercao,Livres Ocupados,8
FirstFit,Insercao,Livres Ocupados,32
FirstFit,Insercao,Livres Ocupados,34
FirstFit,Insercao,Livres Ocupados,44
FirstFit,Insercao,Livres Ocupados,103
FirstFit,Insercao,Livres Ocupados,10
FirstFit,Insercao,Livres Ocupados,44
FirstFit,Insercao,Livres Ocupados,52
FirstFit,Insercao,Livres Ocupados,54
FirstFit,Insercao,Livres Ocupados,112
FirstFit,Insercao,Livres Ocupados,38
FirstFit,Insercao,Livres Ocupados,106
FirstFit,Insercao,Livres Ocupados,143
FirstFit,Insercao,Livres Ocupados,56
FirstFit,Insercao,Livres Ocupados,14
FirstFit,Insercao,Livres Ocupados,12
FirstFit,Insercao,Livres Ocupados,13
FirstFit,Insercao,Livres Ocupados,145
FirstFit,Insercao,Livres Ocupados,39
FirstFit,Insercao,Livres Ocupados,269
FirstFit,Insercao,Livres Ocupados,69
FirstFit,Insercao,Livres Ocupados,152
FirstFit,Insercao,Livres Ocupados,74
FirstFit,Insercao,Livres Ocupados,43
FirstFit,Insercao,Livres Ocupados,273
FirstFit,Insercao,Livres Ocupados,50
FirstFit,Insercao,Livres Ocupados,215
FirstFit,Insercao,Livres Ocupados,55
FirstFit,Insercao,Livres Ocupados,74
FirstFit,Insercao,Livres Ocupados,73
FirstFit,Insercao,Livres Ocupados,57
FirstFit,Insercao,Livres Ocupados,80
FirstFit,Insercao,Livres Ocupados,84
FirstFit,Insercao,Livres Ocupados,45
FirstFit,Insercao,Livres Ocupados,107
FirstFit,Insercao,Livres Ocupados,107
FirstFit,Insercao,Livres Ocupados,93
FirstFit,Insercao,Livres Ocupados,215
FirstFit,Insercao,Livres Ocupados,81
FirstFit,Insercao,Livres Ocupados,56
FirstFit,Insercao,Livres Ocupados,68
FirstFit,Insercao,Livres Ocupados,14
FirstFit,Insercao,Livres Ocupados,227
FirstFit,Insercao,Livres Ocupados,88
FirstFit,Insercao,Livres Ocupados,24
FirstFit,Insercao,Livres Ocupados,58
FirstFit,Insercao,Livres Ocupados,198
FirstFit,Insercao,Livres Ocupados,96
FirstFit,Insercao,Livres Ocupados,98
FirstFit,Insercao,Livres Ocupados,102
FirstFit,Insercao,Livres Ocupados,98
FirstFit,Insercao,Livres Ocupados,222
FirstFit,Insercao,Livres Ocupados,91
FirstFit,Insercao,Livres Ocupados,220
FirstFit,Insercao,Livres Ocupados,107
FirstFit,Insercao,Livres Ocupados,45
FirstFit,Insercao,Livres Ocupados,209
FirstFit,Insercao,Livres Ocupados,46
FirstFit,Insercao,Livres Ocupados,76
FirstFit,Insercao,Livres Ocupados,250
FirstFit,Insercao,Livres Ocupados,237
FirstFit,Insercao,Livres Ocupados,83
FirstFit,Insercao,Livres Ocupados,99
FirstFit,Insercao,Livres Ocupados,96
FirstFit,Insercao,Livres Ocupados,100
FirstFit,Insercao,Livres Ocupados,293
FirstFit,Insercao,Livres Ocupados,99
FirstFit,Insercao,Livres Ocupados,97
FirstFit,Insercao,Livres Ocupados,104
FirstFit,Insercao,Livres Ocupados,109
FirstFit,Insercao,Livres Ocupados,90
FirstFit,Insercao,Livres Ocupados,103
FirstFit,Insercao,Livres Ocupados,116
FirstFit,Insercao,Livres Ocupados,124
FirstFit,Insercao,Livres Ocupados,185
FirstFit,Insercao,Livres Ocupados,254
FirstFit,Insercao,Livres Ocupados,126
FirstFit,Insercao,Livres Ocupados,157
FirstFit,Insercao,Livres Ocupados,285
FirstFit,Insercao,Livres Ocupados,195
FirstFit,Insercao,Livres Ocupados,202
FirstFit,Insercao,Livres Ocupados,125
FirstFit,Insercao,Livres Ocupados,103
FirstFit,Insercao,Livres Ocupados,138
FirstFit,Insercao,Livres Ocupados,100
FirstFit,Insercao,Livres Ocupados,168
FirstFit,Insercao,Livres Ocupados,67
FirstFit,Insercao,Livres Ocupados,107
FirstFit,Insercao,Livres Ocupados,86
