WorstFit,Insercao,Livres Ocupados,160
WorstFit,Insercao,Livres Ocupados,168
WorstFit,Insercao,Livres Ocupados,165
WorstFit,Insercao,Livres Ocupados,151
WorstFit,Insercao,Livres Ocupados,159
WorstFit,Insercao,Livres Ocupados,158
WorstFit,Insercao,Livres Ocupados,171
WorstFit,Insercao,Livres Ocupados,160
WorstFit,Insercao,Livres Ocupados,266
WorstFit,Insercao,Livres Ocupados,156
WorstFit,Insercao,Livres Ocupados,154
WorstFit,Insercao,Livres Ocupados,161
WorstFit,Insercao,Livres Ocupados,175
WorstFit,Insercao,Livres Ocupados,156
WorstFit,Insercao,Livres Ocupados,162
WorstFit,Insercao,Livres Ocupados,156
WorstFit,Insercao,Livres Ocupados,168
WorstFit,Insercao,Livres Ocupados,165
WorstFit,Insercao,Livres Ocupados,154
WorstFit,Insercao,Livres Ocupados,159
WorstFit,Insercao,Livres Ocupados,160
WorstFit,Insercao,Livres Ocupados,161
WorstFit,Insercao,Livres Ocupados,160
WorstFit,Insercao,Livres Ocupados,166
WorstFit,Insercao,Livres Ocupados,172
WorstFit,Insercao,Livres Ocupados,152
WorstFit,Insercao,Livres Ocupados,165
WorstFit,Insercao,Livres Ocupados,166
WorstFit,Insercao,Livres Ocupados,169
WorstFit,Insercao,Livres Ocupados,183
WorstFit,Insercao,Livres Ocupados,331
WorstFit,Insercao,Livres Ocupados,171
WorstFit,Insercao,Livres Ocupados,170
WorstFit,Insercao,Livres Ocupados,173
WorstFit,Insercao,Livres Ocupados,164
WorstFit,Insercao,Livres Ocupados,181
WorstFit,Insercao,Livres Ocupados,173
WorstFit,Insercao,Livres Ocupados,176
WorstFit,Insercao,Livres Ocupados,188
WorstFit,Insercao,Livres Ocupados,177
WorstFit,Insercao,Livres Ocupados,176
WorstFit,Insercao,Livres Ocupados,169
WorstFit,Insercao,Livres Ocupados,175
WorstFit,Insercao,Livres Ocupados,180
WorstFit,Insercao,Livres Ocupados,172
WorstFit,Insercao,Livres Ocupados,189
WorstFit,Insercao,Livres Ocupados,198
WorstFit,Insercao,Livres Ocupados,192
WorstFit,Insercao,Livres Ocupados,177
WorstFit,Insercao,Livres Ocupados,214
WorstFit,Insercao,Livres Ocupados,179
WorstFit,Insercao,Livres Ocupados,187
WorstFit,Insercao,Livres Ocupados,192
WorstFit,Insercao,Livres Ocupados,184
WorstFit,Insercao,Livres Ocupados,186
WorstFit,Insercao,Livres Ocupados,222
WorstFit,Insercao,Livres Ocupados,180
WorstFit,Insercao,Livres Ocupados,197
WorstFit,Insercao,Livres Ocupados,222
WorstFit,Insercao,Livres Ocupados,211
WorstFit,Insercao,Livres Ocupados,180
WorstFit,Insercao,Livres Ocupados,201
WorstFit,Insercao,Livres Ocupados,189
WorstFit,Insercao,Livres Ocupados,200
WorstFit,Insercao,Livres Ocupados,180
WorstFit,Insercao,Livres Ocupados,197
WorstFit,Insercao,Livres Ocupados,219
WorstFit,Insercao,Livres Ocupados,225
WorstFit,Insercao,Livres Ocupados,197
WorstFit,Insercao,Livres Ocupados,187
WorstFit,Insercao,Livres Ocupados,228
WorstFit,Insercao,Livres Ocupados,197
WorstFit,Insercao,Livres Ocupados,195
WorstFit,Insercao,Livres Ocupados,190
WorstFit,Insercao,Livres Ocupados,190
WorstFit,Insercao,Livres Ocupados,191
WorstFit,Insercao,Livres Ocupados,184
WorstFit,Insercao,Livres Ocupados,191
WorstFit,Insercao,Livres Ocupados,186
WorstFit,Insercao,Livres Ocupados,202
WorstFit,Insercao,Livres Ocupados,198
WorstFit,Insercao,Livres Ocupados,217
WorstFit,Insercao,Livres Ocupados,205
WorstFit,Insercao,Livres Ocupados,402
