FirstFit,Insercao,Livres Ocupados,8
FirstFit,Insercao,Livres Ocupados,11
FirstFit,Insercao,Livres Ocupados,11
FirstFit,Insercao,Livres Ocupados,91
FirstFit,Insercao,Livres Ocupados,8
FirstFit,Insercao,Livres Ocupados,10
FirstFit,Insercao,Livres Ocupados,8
FirstFit,Insercao,Livres Ocupados,61
FirstFit,Insercao,Livres Ocupados,5
FirstFit,Insercao,Livres Ocupados,12
FirstFit,Insercao,Livres Ocupados,18
FirstFit,Insercao,Livres Ocupados,21
FirstFit,Insercao,Livres Ocupados,56
FirstFit,Insercao,Livres Ocupados,7
FirstFit,Insercao,Livres Ocupados,23
FirstFit,Insercao,Livres Ocupados,72
FirstFit,Insercao,Livres Ocupados,75
FirstFit,Insercao,Livres Ocupados,100
FirstFit,Insercao,Livres Ocupados,21
FirstFit,Insercao,Livres Ocupados,85
FirstFit,Insercao,Livres Ocupados,83
FirstFit,Insercao,Livres Ocupados,27
FirstFit,Insercao,Livres Ocupados,44
FirstFit,Insercao,Livres Ocupados,15
FirstFit,Insercao,Livres Ocupados,14
FirstFit,Insercao,Livres Ocupados,152
FirstFit,Insercao,Livres Ocupados,22
FirstFit,Insercao,Livres Ocupados,125
FirstFit,Insercao,Livres Ocupados,32
FirstFit,Insercao,Livres Ocupados,147
FirstFit,Insercao,Livres Ocupados,134
FirstFit,Insercao,Livres Ocupados,32
FirstFit,Insercao,Livres Ocupados,154
FirstFit,Insercao,Livres Ocupados,34
FirstFit,Insercao,Livres Ocupados,199
FirstFit,Insercao,Livres Ocupados,32
FirstFit,Insercao,Livres Ocupados,17
FirstFit,Insercao,Livres Ocupados,60
FirstFit,Insercao,Livres Ocupados,34
FirstFit,Insercao,Livres Ocupados,90
FirstFit,Insercao,Livres Ocupados,95
FirstFit,Insercao,Livres Ocupados,40
FirstFit,Insercao,Livres Ocupados,50
FirstFit,Insercao,Livres Ocupados,111
FirstFit,Insercao,Livres Ocupados,146
FirstFit,Insercao,Livres Ocupados,199
FirstFit,Insercao,Livres Ocupados,78
FirstFit,Insercao,Livres Ocupados,48
FirstFit,Insercao,Livres Ocupados,59
FirstFit,Insercao,Livres Ocupados,8
FirstFit,Insercao,Livres Ocupados,201
FirstFit,Insercao,Livres Ocupados,87
FirstFit,Insercao,Livres Ocupados,13
FirstFit,Insercao,Livres Ocupados,53
FirstFit,Insercao,Livres Ocupados,223
FirstFit,Insercao,Livres Ocupados,125
FirstFit,Insercao,Livres Ocupados,232
FirstFit,Insercao,Livres Ocupados,61
FirstFit,Insercao,Livres Ocupados,133
FirstFit,Insercao,Livres Ocupados,179
FirstFit,Insercao,Livres Ocupados,211
FirstFit,Insercao,Livres Ocupados,84
FirstFit,Insercao,Livres Ocupados,276
FirstFit,Insercao,Livres Ocupados,65
FirstFit,Insercao,Livres Ocupados,22
FirstFit,Insercao,Livres Ocupados,226
FirstFit,Insercao,Livres Ocupados,25
FirstFit,Insercao,Livres Ocupados,56
FirstFit,Insercao,Livres Ocupados,269
FirstFit,Insercao,Livres Ocupados,282
FirstFit,Insercao,Livres Ocupados,70
FirstFit,Insercao,Livres Ocupados,90
FirstFit,Insercao,Livres Ocupados,86
FirstFit,Insercao,Livres Ocupados,135
FirstFit,Insercao,Livres Ocupados,280
FirstFit,Insercao,Livres Ocupados,175
FirstFit,Insercao,Livres Ocupados,169
FirstFit,Insercao,Livres Ocupados,98
FirstFit,Insercao,Livres Ocupados,31
FirstFit,Insercao,Livres Ocupados,89
FirstFit,Insercao,Livres Ocupados,169
FirstFit,Insercao,Livres Ocupados,195
FirstFit,Insercao,Livres Ocupados,180
FirstFit,Insercao,Livres Ocupados,190
FirstFit,Insercao,Livres Ocupados,106
FirstFit,Insercao,Livres Ocupados,189
FirstFit,Insercao,Livres Ocupados,263
FirstFit,Insercao,Livres Ocupados,270
FirstFit,Insercao,Livres Ocupados,110
FirstFit,Insercao,Livres Ocupados,133
FirstFit,Insercao,Livres Ocupados,207
FirstFit,Insercao,Livres Ocupados,135
FirstFit,Insercao,Livres Ocupados,200
FirstFit,Insercao,Livres Ocupados,33
FirstFit,Insercao,Livres Ocupados,155
FirstFit,Insercao,Livres Ocupados,35
