WorstFit,Insercao,Livres Ocupados,157
WorstFit,Insercao,Livres Ocupados,159
WorstFit,Insercao,Livres Ocupados,164
WorstFit,Insercao,Livres Ocupados,160
WorstFit,Insercao,Livres Ocupados,159
WorstFit,Insercao,Livres Ocupados,158
WorstFit,Insercao,Livres Ocupados,162
WorstFit,Insercao,Livres Ocupados,189
WorstFit,Insercao,Livres Ocupados,162
WorstFit,Insercao,Livres Ocupados,168
WorstFit,Insercao,Livres Ocupados,161
WorstFit,Insercao,Livres Ocupados,162
WorstFit,Insercao,Livres Ocupados,160
WorstFit,Insercao,Livres Ocupados,164
WorstFit,Insercao,Livres Ocupados,155
WorstFit,Insercao,Livres Ocupados,362
WorstFit,Insercao,Livres Ocupados,160
WorstFit,Insercao,Livres Ocupados,162
WorstFit,Insercao,Livres Ocupados,193
WorstFit,Insercao,Livres Ocupados,165
WorstFit,Insercao,Livres Ocupados,186
WorstFit,Insercao,Livres Ocupados,171
WorstFit,Insercao,Livres Ocupados,243
WorstFit,Insercao,Livres Ocupados,202
WorstFit,Insercao,Livres Ocupados,212
WorstFit,Insercao,Livres Ocupados,175
WorstFit,Insercao,Livres Ocupados,186
WorstFit,Insercao,Livres Ocupados,188
WorstFit,Insercao,Livres Ocupados,206
WorstFit,Insercao,Livres Ocupados,176
WorstFit,Insercao,Livres Ocupados,170
WorstFit,Insercao,Livres Ocupados,185
WorstFit,Insercao,Livres Ocupados,170
WorstFit,Insercao,Livres Ocupados,194
WorstFit,Insercao,Livres Ocupados,170
WorstFit,Insercao,Livres Ocupados,176
WorstFit,Insercao,Livres Ocupados,175
WorstFit,Insercao,Livres Ocupados,177
WorstFit,Insercao,Livres Ocupados,223
WorstFit,Insercao,Livres Ocupados,187
WorstFit,Insercao,Livres Ocupados,176
WorstFit,Insercao,Livres Ocupados,177
WorstFit,Insercao,Livres Ocupados,183
WorstFit,Insercao,Livres Ocupados,170
WorstFit,Insercao,Livres Ocupados,187
WorstFit,Insercao,Livres Ocupados,180
WorstFit,Insercao,Livres Ocupados,180
WorstFit,Insercao,Livres Ocupados,195
WorstFit,Insercao,Livres Ocupados,241
WorstFit,Insercao,Livres Ocupados,199
WorstFit,Insercao,Livres Ocupados,199
WorstFit,Insercao,Livres Ocupados,182
WorstFit,Insercao,Livres Ocupados,179
WorstFit,Insercao,Livres Ocupados,180
WorstFit,Insercao,Livres Ocupados,180
WorstFit,Insercao,Livres Ocupados,181
WorstFit,Insercao,Livres Ocupados,215
WorstFit,Insercao,Livres Ocupados,203
WorstFit,Insercao,Livres Ocupados,193
WorstFit,Insercao,Livres Ocupados,192
WorstFit,Insercao,Livres Ocupados,184
WorstFit,Insercao,Livres Ocupados,196
WorstFit,Insercao,Livres Ocupados,192
WorstFit,Insercao,Livres Ocupados,191
WorstFit,Insercao,Livres Ocupados,187
WorstFit,Insercao,Livres Ocupados,187
WorstFit,Insercao,Livres Ocupados,194
WorstFit,Insercao,Livres Ocupados,201
WorstFit,Insercao,Livres Ocupados,205
WorstFit,Insercao,Livres Ocupados,203
WorstFit,Insercao,Livres Ocupados,224
WorstFit,Insercao,Livres Ocupados,189
WorstFit,Insercao,Livres Ocupados,196
WorstFit,Insercao,Livres Ocupados,211
WorstFit,Insercao,Livres Ocupados,215
WorstFit,Insercao,Livres Ocupados,199
WorstFit,Insercao,Livres Ocupados,197
WorstFit,Insercao,Livres Ocupados,218
WorstFit,Insercao,Livres Ocupados,196
WorstFit,Insercao,Livres Ocupados,201
WorstFit,Insercao,Livres Ocupados,213
WorstFit,Insercao,Livres Ocupados,198
WorstFit,Insercao,Livres Ocupados,197
WorstFit,Insercao,Livres Ocupados,212
