FirstFit,Insercao,Livres Ocupados,9
FirstFit,Insercao,Livres Ocupados,6
FirstFit,Insercao,Livres Ocupados,9
FirstFit,Insercao,Livres Ocupados,73
FirstFit,Insercao,Livres Ocupados,13
FirstFit,Insercao,Livres Ocupados,27
FirstFit,Insercao,Livres Ocupados,14
FirstFit,Insercao,Livres Ocupados,31
FirstFit,Insercao,Livres Ocupados,6
FirstFit,Insercao,Livres Ocupados,16
FirstFit,Insercao,Livres Ocupados,24
FirstFit,Insercao,Livres Ocupados,24
FirstFit,Insercao,Livres Ocupados,38
FirstFit,Insercao,Livres Ocupados,7
FirstFit,Insercao,Livres Ocupados,31
FirstFit,Insercao,Livres Ocupados,37
FirstFit,Insercao,Livres Ocupados,39
FirstFit,Insercao,Livres Ocupados,54
FirstFit,Insercao,Livres Ocupados,43
FirstFit,Insercao,Livres Ocupados,48
FirstFit,Insercao,Livres Ocupados,70
FirstFit,Insercao,Livres Ocupados,40
FirstFit,Insercao,Livres Ocupados,11
FirstFit,Insercao,Livres Ocupados,10
FirstFit,Insercao,Livres Ocupados,9
FirstFit,Insercao,Livres Ocupados,87
FirstFit,Insercao,Livres Ocupados,37
FirstFit,Insercao,Livres Ocupados,89
FirstFit,Insercao,Livres Ocupados,55
FirstFit,Insercao,Livres Ocupados,80
FirstFit,Insercao,Livres Ocupados,72
FirstFit,Insercao,Livres Ocupados,38
FirstFit,Insercao,Livres Ocupados,101
FirstFit,Insercao,Livres Ocupados,40
FirstFit,Insercao,Livres Ocupados,88
FirstFit,Insercao,Livres Ocupados,56
FirstFit,Insercao,Livres Ocupados,19
FirstFit,Insercao,Livres Ocupados,70
FirstFit,Insercao,Livres Ocupados,70
FirstFit,Insercao,Livres Ocupados,76
FirstFit,Insercao,Livres Ocupados,71
FirstFit,Insercao,Livres Ocupados,29
FirstFit,Insercao,Livres Ocupados,70
FirstFit,Insercao,Livres Ocupados,88
FirstFit,Insercao,Livres Ocupados,93
FirstFit,Insercao,Livres Ocupados,98
FirstFit,Insercao,Livres Ocupados,89
FirstFit,Insercao,Livres Ocupados,33
FirstFit,Insercao,Livres Ocupados,45
FirstFit,Insercao,Livres Ocupados,6
FirstFit,Insercao,Livres Ocupados,101
FirstFit,Insercao,Livres Ocupados,86
FirstFit,Insercao,Livres Ocupados,6
FirstFit,Insercao,Livres Ocupados,38
FirstFit,Insercao,Livres Ocupados,97
FirstFit,Insercao,Livres Ocupados,93
FirstFit,Insercao,Livres Ocupados,125
FirstFit,Insercao,Livres Ocupados,41
FirstFit,Insercao,Livres Ocupados,112
FirstFit,Insercao,Livres Ocupados,119
FirstFit,Insercao,Livres Ocupados,128
FirstFit,Insercao,Livres Ocupados,87
FirstFit,Insercao,Livres Ocupados,182
FirstFit,Insercao,Livres Ocupados,65
FirstFit,Insercao,Livres Ocupados,12
FirstFit,Insercao,Livres Ocupados,164
FirstFit,Insercao,Livres Ocupados,16
FirstFit,Insercao,Livres Ocupados,51
FirstFit,Insercao,Livres Ocupados,159
FirstFit,Insercao,Livres Ocupados,175
FirstFit,Insercao,Livres Ocupados,164
FirstFit,Insercao,Livres Ocupados,190
FirstFit,Insercao,Livres Ocupados,44
FirstFit,Insercao,Livres Ocupados,62
FirstFit,Insercao,Livres Ocupados,87
FirstFit,Insercao,Livres Ocupados,106
FirstFit,Insercao,Livres Ocupados,195
FirstFit,Insercao,Livres Ocupados,181
FirstFit,Insercao,Livres Ocupados,111
FirstFit,Insercao,Livres Ocupados,138
FirstFit,Insercao,Livres Ocupados,100
FirstFit,Insercao,Livres Ocupados,30
FirstFit,Insercao,Livres Ocupados,90
FirstFit,Insercao,Livres Ocupados,150
FirstFit,Insercao,Livres Ocupados,154
FirstFit,Insercao,Livres Ocupados,110
FirstFit,Insercao,Livres Ocupados,151
FirstFit,Insercao,Livres Ocupados,178
FirstFit,Insercao,Livres Ocupados,98
FirstFit,Insercao,Livres Ocupados,160
FirstFit,Insercao,Livres Ocupados,258
FirstFit,Insercao,Livres Ocupados,177
FirstFit,Insercao,Livres Ocupados,182
FirstFit,Insercao,Livres Ocupados,86
FirstFit,Insercao,Livres Ocupados,90
FirstFit,Insercao,Livres Ocupados,93
FirstFit,Insercao,Livres Ocupados,135
FirstFit,Insercao,Livres Ocupados,180
FirstFit,Insercao,Livres Ocupados,39
FirstFit,Insercao,Livres Ocupados,112
FirstFit,Insercao,Livres Ocupados,42
