BestFit,Insercao,Livres Ocupados,41
BestFit,Insercao,Livres Ocupados,47
BestFit,Insercao,Livres Ocupados,29
BestFit,Insercao,Livres Ocupados,30
BestFit,Insercao,Livres Ocupados,30
BestFit,Insercao,Livres Ocupados,31
BestFit,Insercao,Livres Ocupados,33
BestFit,Insercao,Livres Ocupados,30
BestFit,Insercao,Livres Ocupados,30
BestFit,Insercao,Livres Ocupados,56
BestFit,Insercao,Livres Ocupados,32
BestFit,Insercao,Livres Ocupados,30
BestFit,Insercao,Livres Ocupados,30
BestFit,Insercao,Livres Ocupados,31
BestFit,Insercao,Livres Ocupados,36
BestFit,Insercao,Livres Ocupados,35
BestFit,Insercao,Livres Ocupados,33
BestFit,Insercao,Livres Ocupados,31
BestFit,Insercao,Livres Ocupados,38
BestFit,Insercao,Livres Ocupados,35
BestFit,Insercao,Livres Ocupados,31
BestFit,Insercao,Livres Ocupados,36
BestFit,Insercao,Livres Ocupados,42
BestFit,Insercao,Livres Ocupados,32
BestFit,Insercao,Livres Ocupados,40
BestFit,Insercao,Livres Ocupados,42
BestFit,Insercao,Livres Ocupados,37
BestFit,Insercao,Livres Ocupados,31
BestFit,Insercao,Livres Ocupados,36
BestFit,Insercao,Livres Ocupados,31
BestFit,Insercao,Livres Ocupados,39
BestFit,Insercao,Livres Ocupados,27
BestFit,Insercao,Livres Ocupados,37
BestFit,Insercao,Livres Ocupados,48
BestFit,Insercao,Livres Ocupados,34
BestFit,Insercao,Livres Ocupados,35
BestFit,Insercao,Livres Ocupados,39
BestFit,Insercao,Livres Ocupados,41
BestFit,Insercao,Livres Ocupados,87
BestFit,Insercao,Livres Ocupados,42
BestFit,Insercao,Livres Ocupados,39
BestFit,Insercao,Livres Ocupados,33
BestFit,Insercao,Livres Ocupados,41
BestFit,Insercao,Livres Ocupados,37
BestFit,Insercao,Livres Ocupados,37
BestFit,Insercao,Livres Ocupados,35
BestFit,Insercao,Livres Ocupados,41
BestFit,Insercao,Livres Ocupados,34
BestFit,Insercao,Livres Ocupados,47
BestFit,Insercao,Livres Ocupados,32
BestFit,Insercao,Livres Ocupados,35
BestFit,Insercao,Livres Ocupados,42
BestFit,Insercao,Livres Ocupados,33
BestFit,Insercao,Livres Ocupados,40
BestFit,Insercao,Livres Ocupados,36
BestFit,Insercao,Livres Ocupados,36
BestFit,Insercao,Livres Ocupados,34
BestFit,Insercao,Livres Ocupados,39
BestFit,Insercao,Livres Ocupados,38
BestFit,Insercao,Livres Ocupados,38
BestFit,Insercao,Livres Ocupados,38
BestFit,Insercao,Livres Ocupados,40
BestFit,Insercao,Livres Ocupados,34
BestFit,Insercao,Livres Ocupados,38
BestFit,Insercao,Livres Ocupados,44
BestFit,Insercao,Livres Ocupados,50
BestFit,Insercao,Livres Ocupados,40
BestFit,Insercao,Livres Ocupados,46
BestFit,Insercao,Livres Ocupados,35
BestFit,Insercao,Livres Ocupados,34
BestFit,Insercao,Livres Ocupados,53
BestFit,Insercao,Livres Ocupados,36
BestFit,Insercao,Livres Ocupados,48
BestFit,Insercao,Livres Ocupados,53
BestFit,Insercao,Livres Ocupados,44
BestFit,Insercao,Livres Ocupados,41
BestFit,Insercao,Livres Ocupados,29
BestFit,Insercao,Livres Ocupados,34
BestFit,Insercao,Livres Ocupados,82
BestFit,Insercao,Livres Ocupados,41
BestFit,Insercao,Livres Ocupados,50
BestFit,Insercao,Livres Ocupados,42
BestFit,Insercao,Livres Ocupados,51
BestFit,Insercao,Livres Ocupados,40
BestFit,Insercao,Livres Ocupados,42
BestFit,Insercao,Livres Ocupados,49
BestFit,Insercao,Livres Ocupados,44
BestFit,Insercao,Livres Ocupados,39
BestFit,Insercao,Livres Ocupados,48
BestFit,Insercao,Livres Ocupados,45
BestFit,Insercao,Livres Ocupados,38
BestFit,Insercao,Livres Ocupados,39
BestFit,Insercao,Livres Ocupados,41
BestFit,Insercao,Livres Ocupados,45
BestFit,Insercao,Livres Ocupados,58
BestFit,Insercao,Livres Ocupados,41
BestFit,Insercao,Livres Ocupados,44
BestFit,Insercao,Livres Ocupados,41
BestFit,Insercao,Livres Ocupados,44
BestFit,Insercao,Livres Ocupados,44
BestFit,Insercao,Livres Ocupados,41
