WorstFit,Insercao,Livres Ocupados,160
WorstFit,Insercao,Livres Ocupados,172
WorstFit,Insercao,Livres Ocupados,165
WorstFit,Insercao,Livres Ocupados,159
WorstFit,Insercao,Livres Ocupados,161
WorstFit,Insercao,Livres Ocupados,162
WorstFit,Insercao,Livres Ocupados,157
WorstFit,Insercao,Livres Ocupados,215
WorstFit,Insercao,Livres Ocupados,167
WorstFit,Insercao,Livres Ocupados,165
WorstFit,Insercao,Livres Ocupados,189
WorstFit,Insercao,Livres Ocupados,205
WorstFit,Insercao,Livres Ocupados,167
WorstFit,Insercao,Livres Ocupados,175
WorstFit,Insercao,Livres Ocupados,164
WorstFit,Insercao,Livres Ocupados,170
WorstFit,Insercao,Livres Ocupados,171
WorstFit,Insercao,Livres Ocupados,147
WorstFit,Insercao,Livres Ocupados,217
WorstFit,Insercao,Livres Ocupados,182
WorstFit,Insercao,Livres Ocupados,166
WorstFit,Insercao,Livres Ocupados,189
WorstFit,Insercao,Livres Ocupados,158
WorstFit,Insercao,Livres Ocupados,172
WorstFit,Insercao,Livres Ocupados,183
WorstFit,Insercao,Livres Ocupados,164
WorstFit,Insercao,Livres Ocupados,176
WorstFit,Insercao,Livres Ocupados,192
WorstFit,Insercao,Livres Ocupados,175
WorstFit,Insercao,Livres Ocupados,191
WorstFit,Insercao,Livres Ocupados,181
WorstFit,Insercao,Livres Ocupados,187
WorstFit,Insercao,Livres Ocupados,185
WorstFit,Insercao,Livres Ocupados,185
WorstFit,Insercao,Livres Ocupados,178
WorstFit,Insercao,Livres Ocupados,183
WorstFit,Insercao,Livres Ocupados,174
WorstFit,Insercao,Livres Ocupados,178
WorstFit,Insercao,Livres Ocupados,185
WorstFit,Insercao,Livres Ocupados,356
WorstFit,Insercao,Livres Ocupados,178
WorstFit,Insercao,Livres Ocupados,182
WorstFit,Insercao,Livres Ocupados,172
WorstFit,Insercao,Livres Ocupados,177
WorstFit,Insercao,Livres Ocupados,178
WorstFit,Insercao,Livres Ocupados,182
WorstFit,Insercao,Livres Ocupados,201
WorstFit,Insercao,Livres Ocupados,189
WorstFit,Insercao,Livres Ocupados,197
WorstFit,Insercao,Livres Ocupados,225
WorstFit,Insercao,Livres Ocupados,215
WorstFit,Insercao,Livres Ocupados,192
WorstFit,Insercao,Livres Ocupados,221
WorstFit,Insercao,Livres Ocupados,190
WorstFit,Insercao,Livres Ocupados,190
WorstFit,Insercao,Livres Ocupados,188
WorstFit,Insercao,Livres Ocupados,260
WorstFit,Insercao,Livres Ocupados,211
WorstFit,Insercao,Livres Ocupados,201
WorstFit,Insercao,Livres Ocupados,199
WorstFit,Insercao,Livres Ocupados,207
WorstFit,Insercao,Livres Ocupados,196
WorstFit,Insercao,Livres Ocupados,274
WorstFit,Insercao,Livres Ocupados,193
WorstFit,Insercao,Livres Ocupados,195
WorstFit,Insercao,Livres Ocupados,231
WorstFit,Insercao,Livres Ocupados,221
WorstFit,Insercao,Livres Ocupados,191
WorstFit,Insercao,Livres Ocupados,192
WorstFit,Insercao,Livres Ocupados,204
WorstFit,Insercao,Livres Ocupados,200
WorstFit,Insercao,Livres Ocupados,198
WorstFit,Insercao,Livres Ocupados,205
WorstFit,Insercao,Livres Ocupados,198
WorstFit,Insercao,Livres Ocupados,199
WorstFit,Insercao,Livres Ocupados,211
WorstFit,Insercao,Livres Ocupados,211
WorstFit,Insercao,Livres Ocupados,201
