WorstFit,Insercao,Livres Ocupados,124
WorstFit,Insercao,Livres Ocupados,120
WorstFit,Insercao,Livres Ocupados,126
WorstFit,Insercao,Livres Ocupados,125
WorstFit,Insercao,Livres Ocupados,126
WorstFit,Insercao,Livres Ocupados,136
WorstFit,Insercao,Livres Ocupados,124
WorstFit,Insercao,Livres Ocupados,123
WorstFit,Insercao,Livres Ocupados,130
WorstFit,Insercao,Livres Ocupados,119
WorstFit,Insercao,Livres Ocupados,121
WorstFit,Insercao,Livres Ocupados,117
WorstFit,Insercao,Livres Ocupados,116
WorstFit,Insercao,Livres Ocupados,119
WorstFit,Insercao,Livres Ocupados,123
WorstFit,Insercao,Livres Ocupados,127
WorstFit,Insercao,Livres Ocupados,126
WorstFit,Insercao,Livres Ocupados,154
WorstFit,Insercao,Livres Ocupados,177
WorstFit,Insercao,Livres Ocupados,120
WorstFit,Insercao,Livres Ocupados,127
WorstFit,Insercao,Livres Ocupados,124
WorstFit,Insercao,Livres Ocupados,118
WorstFit,Insercao,Livres Ocupados,117
WorstFit,Insercao,Livres Ocupados,120
WorstFit,Insercao,Livres Ocupados,122
WorstFit,Insercao,Livres Ocupados,123
WorstFit,Insercao,Livres Ocupados,121
WorstFit,Insercao,Livres Ocupados,133
WorstFit,Insercao,Livres Ocupados,122
WorstFit,Insercao,Livres Ocupados,128
WorstFit,Insercao,Livres Ocupados,128
WorstFit,Insercao,Livres Ocupados,122
WorstFit,Insercao,Livres Ocupados,126
WorstFit,Insercao,Livres Ocupados,127
WorstFit,Insercao,Livres Ocupados,128
WorstFit,Insercao,Livres Ocupados,127
WorstFit,Insercao,Livres Ocupados,124
WorstFit,Insercao,Livres Ocupados,123
WorstFit,Insercao,Livres Ocupados,120
WorstFit,Insercao,Livres Ocupados,122
WorstFit,Insercao,Livres Ocupados,127
WorstFit,Insercao,Livres Ocupados,130
WorstFit,Insercao,Livres Ocupados,127
WorstFit,Insercao,Livres Ocupados,128
WorstFit,Insercao,Livres Ocupados,126
WorstFit,Insercao,Livres Ocupados,130
WorstFit,Insercao,Livres Ocupados,128
WorstFit,Insercao,Livres Ocupados,130
WorstFit,Insercao,Livres Ocupados,141
WorstFit,Insercao,Livres Ocupados,136
WorstFit,Insercao,Livres Ocupados,123
WorstFit,Insercao,Livres Ocupados,125
WorstFit,Insercao,Livres Ocupados,122
WorstFit,Insercao,Livres Ocupados,128
WorstFit,Insercao,Livres Ocupados,165
WorstFit,Insercao,Livres Ocupados,123
WorstFit,Insercao,Livres Ocupados,142
WorstFit,Insercao,Livres Ocupados,123
WorstFit,Insercao,Livres Ocupados,125
WorstFit,Insercao,Livres Ocupados,130
WorstFit,Insercao,Livres Ocupados,123
WorstFit,Insercao,Livres Ocupados,134
WorstFit,Insercao,Livres Ocupados,132
WorstFit,Insercao,Livres Ocupados,131
WorstFit,Insercao,Livres Ocupados,128
WorstFit,Insercao,Livres Ocupados,126
WorstFit,Insercao,Livres Ocupados,130
WorstFit,Insercao,Livres Ocupados,128
WorstFit,Insercao,Livres Ocupados,123
WorstFit,Insercao,Livres Ocupados,130
WorstFit,Insercao,Livres Ocupados,121
WorstFit,Insercao,Livres Ocupados,121
WorstFit,Insercao,Livres Ocupados,129
WorstFit,Insercao,Livres Ocupados,124
WorstFit,Insercao,Livres Ocupados,130
WorstFit,Insercao,Livres Ocupados,124
WorstFit,Insercao,Livres Ocupados,156
WorstFit,Insercao,Livres Ocupados,129
WorstFit,Insercao,Livres Ocupados,138
WorstFit,Insercao,Livres Ocupados,129
WorstFit,Insercao,Livres Ocupados,130
WorstFit,Insercao,Livres Ocupados,134
WorstFit,Insercao,Livres Ocupados,134
WorstFit,Insercao,Livres Ocupados,149
WorstFit,Insercao,Livres Ocupados,134
WorstFit,Insercao,Livres Ocupados,136
WorstFit,Insercao,Livres Ocupados,220
WorstFit,Insercao,Livres Ocupados,129
WorstFit,Insercao,Livres Ocupados,131
WorstFit,Insercao,Livres Ocupados,145
WorstFit,Insercao,Livres Ocupados,156
WorstFit,Insercao,Livres Ocupados,154
WorstFit,Insercao,Livres Ocupados,129
WorstFit,Insercao,Livres Ocupados,146
WorstFit,Insercao,Livres Ocupados,138
WorstFit,Insercao,Livres Ocupados,126
WorstFit,Insercao,Livres Ocupados,130
WorstFit,Insercao,Livres Ocupados,131
WorstFit,Insercao,Livres Ocupados,220
WorstFit,Insercao,Livres Ocupados,131
