BestFit,Insercao,Livres Ocupados,164
BestFit,Insercao,Livres Ocupados,156
BestFit,Insercao,Livres Ocupados,153
BestFit,Insercao,Livres Ocupados,151
BestFit,Insercao,Livres Ocupados,166
BestFit,Insercao,Livres Ocupados,153
BestFit,Insercao,Livres Ocupados,174
BestFit,Insercao,Livres Ocupados,148
BestFit,Insercao,Livres Ocupados,162
BestFit,Insercao,Livres Ocupados,155
BestFit,Insercao,Livres Ocupados,155
BestFit,Insercao,Livres Ocupados,188
BestFit,Insercao,Livres Ocupados,154
BestFit,Insercao,Livres Ocupados,163
BestFit,Insercao,Livres Ocupados,150
BestFit,Insercao,Livres Ocupados,155
BestFit,Insercao,Livres Ocupados,149
BestFit,Insercao,Livres Ocupados,147
BestFit,Insercao,Livres Ocupados,169
BestFit,Insercao,Livres Ocupados,153
BestFit,Insercao,Livres Ocupados,165
BestFit,Insercao,Livres Ocupados,208
BestFit,Insercao,Livres Ocupados,162
BestFit,Insercao,Livres Ocupados,175
BestFit,Insercao,Livres Ocupados,168
BestFit,Insercao,Livres Ocupados,160
BestFit,Insercao,Livres Ocupados,173
BestFit,Insercao,Livres Ocupados,155
BestFit,Insercao,Livres Ocupados,167
BestFit,Insercao,Livres Ocupados,168
BestFit,Insercao,Livres Ocupados,170
BestFit,Insercao,Livres Ocupados,176
BestFit,Insercao,Livres Ocupados,148
BestFit,Insercao,Livres Ocupados,174
BestFit,Insercao,Livres Ocupados,167
BestFit,Insercao,Livres Ocupados,161
BestFit,Insercao,Livres Ocupados,167
BestFit,Insercao,Livres Ocupados,209
BestFit,Insercao,Livres Ocupados,165
BestFit,Insercao,Livres Ocupados,162
BestFit,Insercao,Livres Ocupados,180
BestFit,Insercao,Livres Ocupados,178
BestFit,Insercao,Livres Ocupados,171
BestFit,Insercao,Livres Ocupados,189
BestFit,Insercao,Livres Ocupados,155
BestFit,Insercao,Livres Ocupados,193
BestFit,Insercao,Livres Ocupados,168
BestFit,Insercao,Livres Ocupados,185
BestFit,Insercao,Livres Ocupados,175
BestFit,Insercao,Livres Ocupados,175
BestFit,Insercao,Livres Ocupados,162
BestFit,Insercao,Livres Ocupados,160
BestFit,Insercao,Livres Ocupados,184
BestFit,Insercao,Livres Ocupados,186
BestFit,Insercao,Livres Ocupados,157
BestFit,Insercao,Livres Ocupados,186
BestFit,Insercao,Livres Ocupados,251
BestFit,Insercao,Livres Ocupados,181
BestFit,Insercao,Livres Ocupados,172
BestFit,Insercao,Livres Ocupados,171
BestFit,Insercao,Livres Ocupados,168
BestFit,Insercao,Livres Ocupados,182
BestFit,Insercao,Livres Ocupados,167
BestFit,Insercao,Livres Ocupados,180
BestFit,Insercao,Livres Ocupados,190
BestFit,Insercao,Livres Ocupados,168
BestFit,Insercao,Livres Ocupados,191
BestFit,Insercao,Livres Ocupados,203
BestFit,Insercao,Livres Ocupados,164
BestFit,Insercao,Livres Ocupados,204
BestFit,Insercao,Livres Ocupados,163
BestFit,Insercao,Livres Ocupados,193
BestFit,Insercao,Livres Ocupados,186
BestFit,Insercao,Livres Ocupados,204
BestFit,Insercao,Livres Ocupados,183
BestFit,Insercao,Livres Ocupados,170
BestFit,Insercao,Livres Ocupados,175
BestFit,Insercao,Livres Ocupados,165
BestFit,Insercao,Livres Ocupados,175
BestFit,Insercao,Livres Ocupados,184
BestFit,Insercao,Livres Ocupados,229
BestFit,Insercao,Livres Ocupados,206
BestFit,Insercao,Livres Ocupados,167
BestFit,Insercao,Livres Ocupados,172
BestFit,Insercao,Livres Ocupados,174
BestFit,Insercao,Livres Ocupados,175
BestFit,Insercao,Livres Ocupados,169
BestFit,Insercao,Livres Ocupados,201
BestFit,Insercao,Livres Ocupados,191
BestFit,Insercao,Livres Ocupados,170
BestFit,Insercao,Livres Ocupados,171
BestFit,Insercao,Livres Ocupados,169
BestFit,Insercao,Livres Ocupados,217
BestFit,Insercao,Livres Ocupados,201
BestFit,Insercao,Livres Ocupados,205
BestFit,Insercao,Livres Ocupados,201
BestFit,Insercao,Livres Ocupados,170
BestFit,Insercao,Livres Ocupados,315
BestFit,Insercao,Livres Ocupados,194
BestFit,Insercao,Livres Ocupados,234
