WorstFit,Insercao,Livres Ocupados,124
WorstFit,Insercao,Livres Ocupados,117
WorstFit,Insercao,Livres Ocupados,120
WorstFit,Insercao,Livres Ocupados,143
WorstFit,Insercao,Livres Ocupados,136
WorstFit,Insercao,Livres Ocupados,120
WorstFit,Insercao,Livres Ocupados,162
WorstFit,Insercao,Livres Ocupados,134
WorstFit,Insercao,Livres Ocupados,121
WorstFit,Insercao,Livres Ocupados,113
WorstFit,Insercao,Livres Ocupados,136
WorstFit,Insercao,Livres Ocupados,116
WorstFit,Insercao,Livres Ocupados,120
WorstFit,Insercao,Livres Ocupados,118
WorstFit,Insercao,Livres Ocupados,114
WorstFit,Insercao,Livres Ocupados,112
WorstFit,Insercao,Livres Ocupados,116
WorstFit,Insercao,Livres Ocupados,118
WorstFit,Insercao,Livres Ocupados,123
WorstFit,Insercao,Livres Ocupados,118
WorstFit,Insercao,Livres Ocupados,135
WorstFit,Insercao,Livres Ocupados,122
WorstFit,Insercao,Livres Ocupados,120
WorstFit,Insercao,Livres Ocupados,118
WorstFit,Insercao,Livres Ocupados,120
WorstFit,Insercao,Livres Ocupados,123
WorstFit,Insercao,Livres Ocupados,130
WorstFit,Insercao,Livres Ocupados,128
WorstFit,Insercao,Livres Ocupados,121
WorstFit,Insercao,Livres Ocupados,183
WorstFit,Insercao,Livres Ocupados,127
WorstFit,Insercao,Livres Ocupados,121
WorstFit,Insercao,Livres Ocupados,118
WorstFit,Insercao,Livres Ocupados,120
WorstFit,Insercao,Livres Ocupados,157
WorstFit,Insercao,Livres Ocupados,117
WorstFit,Insercao,Livres Ocupados,119
WorstFit,Insercao,Livres Ocupados,125
WorstFit,Insercao,Livres Ocupados,121
WorstFit,Insercao,Livres Ocupados,119
WorstFit,Insercao,Livres Ocupados,118
WorstFit,Insercao,Livres Ocupados,126
WorstFit,Insercao,Livres Ocupados,168
WorstFit,Insercao,Livres Ocupados,118
WorstFit,Insercao,Livres Ocupados,145
WorstFit,Insercao,Livres Ocupados,125
WorstFit,Insercao,Livres Ocupados,151
WorstFit,Insercao,Livres Ocupados,112
WorstFit,Insercao,Livres Ocupados,117
WorstFit,Insercao,Livres Ocupados,118
WorstFit,Insercao,Livres Ocupados,122
WorstFit,Insercao,Livres Ocupados,126
WorstFit,Insercao,Livres Ocupados,152
WorstFit,Insercao,Livres Ocupados,121
WorstFit,Insercao,Livres Ocupados,123
WorstFit,Insercao,Livres Ocupados,119
WorstFit,Insercao,Livres Ocupados,183
WorstFit,Insercao,Livres Ocupados,123
WorstFit,Insercao,Livres Ocupados,141
WorstFit,Insercao,Livres Ocupados,123
WorstFit,Insercao,Livres Ocupados,123
WorstFit,Insercao,Livres Ocupados,120
WorstFit,Insercao,Livres Ocupados,148
WorstFit,Insercao,Livres Ocupados,184
WorstFit,Insercao,Livres Ocupados,125
WorstFit,Insercao,Livres Ocupados,143
WorstFit,Insercao,Livres Ocupados,127
WorstFit,Insercao,Livres Ocupados,129
WorstFit,Insercao,Livres Ocupados,148
WorstFit,Insercao,Livres Ocupados,163
WorstFit,Insercao,Livres Ocupados,181
WorstFit,Insercao,Livres Ocupados,133
WorstFit,Insercao,Livres Ocupados,125
WorstFit,Insercao,Livres Ocupados,133
WorstFit,Insercao,Livres Ocupados,150
WorstFit,Insercao,Livres Ocupados,125
WorstFit,Insercao,Livres Ocupados,139
WorstFit,Insercao,Livres Ocupados,131
WorstFit,Insercao,Livres Ocupados,132
WorstFit,Insercao,Livres Ocupados,134
WorstFit,Insercao,Livres Ocupados,156
WorstFit,Insercao,Livres Ocupados,145
WorstFit,Insercao,Livres Ocupados,134
WorstFit,Insercao,Livres Ocupados,154
WorstFit,Insercao,Livres Ocupados,132
WorstFit,Insercao,Livres Ocupados,133
WorstFit,Insercao,Livres Ocupados,130
WorstFit,Insercao,Livres Ocupados,209
WorstFit,Insercao,Livres Ocupados,129
WorstFit,Insercao,Livres Ocupados,140
WorstFit,Insercao,Livres Ocupados,136
WorstFit,Insercao,Livres Ocupados,127
WorstFit,Insercao,Livres Ocupados,127
WorstFit,Insercao,Livres Ocupados,132
WorstFit,Insercao,Livres Ocupados,133
WorstFit,Insercao,Livres Ocupados,163
WorstFit,Insercao,Livres Ocupados,135
WorstFit,Insercao,Livres Ocupados,150
WorstFit,Insercao,Livres Ocupados,133
WorstFit,Insercao,Livres Ocupados,130
WorstFit,Insercao,Livres Ocupados,132
