FirstFit,Insercao,Livres Ocupados,8
FirstFit,Insercao,Livres Ocupados,4
FirstFit,Insercao,Livres Ocupados,36
FirstFit,Insercao,Livres Ocupados,110
FirstFit,Insercao,Livres Ocupados,15
FirstFit,Insercao,Livres Ocupados,20
FirstFit,Insercao,Livres Ocupados,33
FirstFit,Insercao,Livres Ocupados,26
FirstFit,Insercao,Livres Ocupados,16
FirstFit,Insercao,Livres Ocupados,22
FirstFit,Insercao,Livres Ocupados,23
FirstFit,Insercao,Livres Ocupados,26
FirstFit,Insercao,Livres Ocupados,29
FirstFit,Insercao,Livres Ocupados,18
FirstFit,Insercao,Livres Ocupados,37
FirstFit,Insercao,Livres Ocupados,40
FirstFit,Insercao,Livres Ocupados,43
FirstFit,Insercao,Livres Ocupados,42
FirstFit,Insercao,Livres Ocupados,37
FirstFit,Insercao,Livres Ocupados,47
FirstFit,Insercao,Livres Ocupados,46
FirstFit,Insercao,Livres Ocupados,46
FirstFit,Insercao,Livres Ocupados,40
FirstFit,Insercao,Livres Ocupados,17
FirstFit,Insercao,Livres Ocupados,20
FirstFit,Insercao,Livres Ocupados,79
FirstFit,Insercao,Livres Ocupados,44
FirstFit,Insercao,Livres Ocupados,107
FirstFit,Insercao,Livres Ocupados,58
FirstFit,Insercao,Livres Ocupados,83
FirstFit,Insercao,Livres Ocupados,86
FirstFit,Insercao,Livres Ocupados,47
FirstFit,Insercao,Livres Ocupados,111
FirstFit,Insercao,Livres Ocupados,51
FirstFit,Insercao,Livres Ocupados,103
FirstFit,Insercao,Livres Ocupados,68
FirstFit,Insercao,Livres Ocupados,21
FirstFit,Insercao,Livres Ocupados,67
FirstFit,Insercao,Livres Ocupados,75
FirstFit,Insercao,Livres Ocupados,85
FirstFit,Insercao,Livres Ocupados,88
FirstFit,Insercao,Livres Ocupados,23
FirstFit,Insercao,Livres Ocupados,91
FirstFit,Insercao,Livres Ocupados,105
FirstFit,Insercao,Livres Ocupados,102
FirstFit,Insercao,Livres Ocupados,106
FirstFit,Insercao,Livres Ocupados,73
FirstFit,Insercao,Livres Ocupados,23
FirstFit,Insercao,Livres Ocupados,66
FirstFit,Insercao,Livres Ocupados,47
FirstFit,Insercao,Livres Ocupados,121
FirstFit,Insercao,Livres Ocupados,83
FirstFit,Insercao,Livres Ocupados,19
FirstFit,Insercao,Livres Ocupados,30
FirstFit,Insercao,Livres Ocupados,125
FirstFit,Insercao,Livres Ocupados,112
FirstFit,Insercao,Livres Ocupados,132
FirstFit,Insercao,Livres Ocupados,57
FirstFit,Insercao,Livres Ocupados,114
FirstFit,Insercao,Livres Ocupados,115
FirstFit,Insercao,Livres Ocupados,133
FirstFit,Insercao,Livres Ocupados,89
FirstFit,Insercao,Livres Ocupados,124
FirstFit,Insercao,Livres Ocupados,60
FirstFit,Insercao,Livres Ocupados,24
FirstFit,Insercao,Livres Ocupados,159
FirstFit,Insercao,Livres Ocupados,26
FirstFit,Insercao,Livres Ocupados,41
FirstFit,Insercao,Livres Ocupados,127
FirstFit,Insercao,Livres Ocupados,145
FirstFit,Insercao,Livres Ocupados,131
FirstFit,Insercao,Livres Ocupados,157
FirstFit,Insercao,Livres Ocupados,42
FirstFit,Insercao,Livres Ocupados,43
FirstFit,Insercao,Livres Ocupados,75
FirstFit,Insercao,Livres Ocupados,143
FirstFit,Insercao,Livres Ocupados,164
FirstFit,Insercao,Livres Ocupados,141
FirstFit,Insercao,Livres Ocupados,131
FirstFit,Insercao,Livres Ocupados,144
FirstFit,Insercao,Livres Ocupados,91
FirstFit,Insercao,Livres Ocupados,26
FirstFit,Insercao,Livres Ocupados,48
FirstFit,Insercao,Livres Ocupados,159
FirstFit,Insercao,Livres Ocupados,148
FirstFit,Insercao,Livres Ocupados,99
FirstFit,Insercao,Livres Ocupados,153
FirstFit,Insercao,Livres Ocupados,170
FirstFit,Insercao,Livres Ocupados,104
FirstFit,Insercao,Livres Ocupados,109
FirstFit,Insercao,Livres Ocupados,243
FirstFit,Insercao,Livres Ocupados,162
FirstFit,Insercao,Livres Ocupados,179
FirstFit,Insercao,Livres Ocupados,44
FirstFit,Insercao,Livres Ocupados,50
FirstFit,Insercao,Livres Ocupados,51
FirstFit,Insercao,Livres Ocupados,104
FirstFit,Insercao,Livres Ocupados,183
FirstFit,Insercao,Livres Ocupados,36
FirstFit,Insercao,Livres Ocupados,142
FirstFit,Insercao,Livres Ocupados,43
