WorstFit,Insercao,Livres Ocupados,165
WorstFit,Insercao,Livres Ocupados,164
WorstFit,Insercao,Livres Ocupados,164
WorstFit,Insercao,Livres Ocupados,170
WorstFit,Insercao,Livres Ocupados,157
WorstFit,Insercao,Livres Ocupados,164
WorstFit,Insercao,Livres Ocupados,156
WorstFit,Insercao,Livres Ocupados,165
WorstFit,Insercao,Livres Ocupados,153
WorstFit,Insercao,Livres Ocupados,157
WorstFit,Insercao,Livres Ocupados,174
WorstFit,Insercao,Livres Ocupados,149
WorstFit,Insercao,Livres Ocupados,154
WorstFit,Insercao,Livres Ocupados,175
WorstFit,Insercao,Livres Ocupados,159
WorstFit,Insercao,Livres Ocupados,160
WorstFit,Insercao,Livres Ocupados,152
WorstFit,Insercao,Livres Ocupados,184
WorstFit,Insercao,Livres Ocupados,159
WorstFit,Insercao,Livres Ocupados,154
WorstFit,Insercao,Livres Ocupados,163
WorstFit,Insercao,Livres Ocupados,151
WorstFit,Insercao,Livres Ocupados,162
WorstFit,Insercao,Livres Ocupados,159
WorstFit,Insercao,Livres Ocupados,160
WorstFit,Insercao,Livres Ocupados,162
WorstFit,Insercao,Livres Ocupados,201
WorstFit,Insercao,Livres Ocupados,162
WorstFit,Insercao,Livres Ocupados,229
WorstFit,Insercao,Livres Ocupados,165
WorstFit,Insercao,Livres Ocupados,167
WorstFit,Insercao,Livres Ocupados,162
WorstFit,Insercao,Livres Ocupados,167
WorstFit,Insercao,Livres Ocupados,272
WorstFit,Insercao,Livres Ocupados,165
WorstFit,Insercao,Livres Ocupados,167
WorstFit,Insercao,Livres Ocupados,302
WorstFit,Insercao,Livres Ocupados,171
WorstFit,Insercao,Livres Ocupados,172
WorstFit,Insercao,Livres Ocupados,177
WorstFit,Insercao,Livres Ocupados,171
WorstFit,Insercao,Livres Ocupados,173
WorstFit,Insercao,Livres Ocupados,173
WorstFit,Insercao,Livres Ocupados,173
WorstFit,Insercao,Livres Ocupados,178
WorstFit,Insercao,Livres Ocupados,175
WorstFit,Insercao,Livres Ocupados,185
WorstFit,Insercao,Livres Ocupados,182
WorstFit,Insercao,Livres Ocupados,182
WorstFit,Insercao,Livres Ocupados,171
WorstFit,Insercao,Livres Ocupados,182
WorstFit,Insercao,Livres Ocupados,223
WorstFit,Insercao,Livres Ocupados,179
WorstFit,Insercao,Livres Ocupados,185
WorstFit,Insercao,Livres Ocupados,265
WorstFit,Insercao,Livres Ocupados,174
WorstFit,Insercao,Livres Ocupados,174
WorstFit,Insercao,Livres Ocupados,181
WorstFit,Insercao,Livres Ocupados,186
WorstFit,Insercao,Livres Ocupados,172
WorstFit,Insercao,Livres Ocupados,167
WorstFit,Insercao,Livres Ocupados,179
WorstFit,Insercao,Livres Ocupados,181
WorstFit,Insercao,Livres Ocupados,190
WorstFit,Insercao,Livres Ocupados,185
WorstFit,Insercao,Livres Ocupados,197
WorstFit,Insercao,Livres Ocupados,198
WorstFit,Insercao,Livres Ocupados,192
WorstFit,Insercao,Livres Ocupados,185
WorstFit,Insercao,Livres Ocupados,218
WorstFit,Insercao,Livres Ocupados,248
WorstFit,Insercao,Livres Ocupados,184
WorstFit,Insercao,Livres Ocupados,207
WorstFit,Insercao,Livres Ocupados,181
WorstFit,Insercao,Livres Ocupados,189
WorstFit,Insercao,Livres Ocupados,194
WorstFit,Insercao,Livres Ocupados,194
WorstFit,Insercao,Livres Ocupados,224
WorstFit,Insercao,Livres Ocupados,184
WorstFit,Insercao,Livres Ocupados,192
WorstFit,Insercao,Livres Ocupados,225
WorstFit,Insercao,Livres Ocupados,224
WorstFit,Insercao,Livres Ocupados,220
WorstFit,Insercao,Livres Ocupados,198
WorstFit,Insercao,Livres Ocupados,198
WorstFit,Insercao,Livres Ocupados,198
WorstFit,Insercao,Livres Ocupados,204
