WorstFit,Insercao,Livres Ocupados,34
WorstFit,Insercao,Livres Ocupados,39
WorstFit,Insercao,Livres Ocupados,39
WorstFit,Insercao,Livres Ocupados,38
WorstFit,Insercao,Livres Ocupados,33
WorstFit,Insercao,Livres Ocupados,35
WorstFit,Insercao,Livres Ocupados,38
WorstFit,Insercao,Livres Ocupados,38
WorstFit,Insercao,Livres Ocupados,61
WorstFit,Insercao,Livres Ocupados,41
WorstFit,Insercao,Livres Ocupados,39
WorstFit,Insercao,Livres Ocupados,35
WorstFit,Insercao,Livres Ocupados,44
WorstFit,Insercao,Livres Ocupados,38
WorstFit,Insercao,Livres Ocupados,39
WorstFit,Insercao,Livres Ocupados,40
WorstFit,Insercao,Livres Ocupados,52
WorstFit,Insercao,Livres Ocupados,41
WorstFit,Insercao,Livres Ocupados,41
WorstFit,Insercao,Livres Ocupados,35
WorstFit,Insercao,Livres Ocupados,44
WorstFit,Insercao,Livres Ocupados,39
WorstFit,Insercao,Livres Ocupados,44
WorstFit,Insercao,Livres Ocupados,38
WorstFit,Insercao,Livres Ocupados,32
WorstFit,Insercao,Livres Ocupados,33
WorstFit,Insercao,Livres Ocupados,38
WorstFit,Insercao,Livres Ocupados,48
WorstFit,Insercao,Livres Ocupados,42
WorstFit,Insercao,Livres Ocupados,44
WorstFit,Insercao,Livres Ocupados,39
WorstFit,Insercao,Livres Ocupados,59
WorstFit,Insercao,Livres Ocupados,46
WorstFit,Insercao,Livres Ocupados,105
WorstFit,Insercao,Livres Ocupados,48
WorstFit,Insercao,Livres Ocupados,45
WorstFit,Insercao,Livres Ocupados,47
WorstFit,Insercao,Livres Ocupados,39
WorstFit,Insercao,Livres Ocupados,74
WorstFit,Insercao,Livres Ocupados,49
WorstFit,Insercao,Livres Ocupados,43
WorstFit,Insercao,Livres Ocupados,49
WorstFit,Insercao,Livres Ocupados,38
WorstFit,Insercao,Livres Ocupados,41
WorstFit,Insercao,Livres Ocupados,39
WorstFit,Insercao,Livres Ocupados,39
WorstFit,Insercao,Livres Ocupados,39
WorstFit,Insercao,Livres Ocupados,44
WorstFit,Insercao,Livres Ocupados,40
WorstFit,Insercao,Livres Ocupados,48
WorstFit,Insercao,Livres Ocupados,59
WorstFit,Insercao,Livres Ocupados,42
WorstFit,Insercao,Livres Ocupados,46
WorstFit,Insercao,Livres Ocupados,43
WorstFit,Insercao,Livres Ocupados,42
WorstFit,Insercao,Livres Ocupados,41
WorstFit,Insercao,Livres Ocupados,42
WorstFit,Insercao,Livres Ocupados,47
WorstFit,Insercao,Livres Ocupados,42
WorstFit,Insercao,Livres Ocupados,48
WorstFit,Insercao,Livres Ocupados,57
WorstFit,Insercao,Livres Ocupados,45
WorstFit,Insercao,Livres Ocupados,49
WorstFit,Insercao,Livres Ocupados,44
WorstFit,Insercao,Livres Ocupados,45
WorstFit,Insercao,Livres Ocupados,43
WorstFit,Insercao,Livres Ocupados,44
WorstFit,Insercao,Livres Ocupados,48
WorstFit,Insercao,Livres Ocupados,78
WorstFit,Insercao,Livres Ocupados,53
WorstFit,Insercao,Livres Ocupados,64
WorstFit,Insercao,Livres Ocupados,38
WorstFit,Insercao,Livres Ocupados,45
WorstFit,Insercao,Livres Ocupados,58
WorstFit,Insercao,Livres Ocupados,43
WorstFit,Insercao,Livres Ocupados,51
WorstFit,Insercao,Livres Ocupados,41
WorstFit,Insercao,Livres Ocupados,46
WorstFit,Insercao,Livres Ocupados,45
WorstFit,Insercao,Livres Ocupados,47
WorstFit,Insercao,Livres Ocupados,43
WorstFit,Insercao,Livres Ocupados,44
WorstFit,Insercao,Livres Ocupados,48
WorstFit,Insercao,Livres Ocupados,45
WorstFit,Insercao,Livres Ocupados,63
WorstFit,Insercao,Livres Ocupados,50
WorstFit,Insercao,Livres Ocupados,47
WorstFit,Insercao,Livres Ocupados,56
WorstFit,Insercao,Livres Ocupados,57
WorstFit,Insercao,Livres Ocupados,53
WorstFit,Insercao,Livres Ocupados,47
WorstFit,Insercao,Livres Ocupados,70
WorstFit,Insercao,Livres Ocupados,48
WorstFit,Insercao,Livres Ocupados,44
WorstFit,Insercao,Livres Ocupados,44
WorstFit,Insercao,Livres Ocupados,47
WorstFit,Insercao,Livres Ocupados,42
WorstFit,Insercao,Livres Ocupados,46
WorstFit,Insercao,Livres Ocupados,59
WorstFit,Insercao,Livres Ocupados,47
WorstFit,Insercao,Livres Ocupados,41
