WorstFit,Insercao,Livres Ocupados,117
WorstFit,Insercao,Livres Ocupados,114
WorstFit,Insercao,Livres Ocupados,113
WorstFit,Insercao,Livres Ocupados,121
WorstFit,Insercao,Livres Ocupados,117
WorstFit,Insercao,Livres Ocupados,137
WorstFit,Insercao,Livres Ocupados,123
WorstFit,Insercao,Livres Ocupados,165
WorstFit,Insercao,Livres Ocupados,116
WorstFit,Insercao,Livres Ocupados,262
WorstFit,Insercao,Livres Ocupados,118
WorstFit,Insercao,Livres Ocupados,118
WorstFit,Insercao,Livres Ocupados,116
WorstFit,Insercao,Livres Ocupados,129
WorstFit,Insercao,Livres Ocupados,118
WorstFit,Insercao,Livres Ocupados,185
WorstFit,Insercao,Livres Ocupados,122
WorstFit,Insercao,Livres Ocupados,124
WorstFit,Insercao,Livres Ocupados,127
WorstFit,Insercao,Livres Ocupados,117
WorstFit,Insercao,Livres Ocupados,123
WorstFit,Insercao,Livres Ocupados,124
WorstFit,Insercao,Livres Ocupados,120
WorstFit,Insercao,Livres Ocupados,124
WorstFit,Insercao,Livres Ocupados,122
WorstFit,Insercao,Livres Ocupados,149
WorstFit,Insercao,Livres Ocupados,127
WorstFit,Insercao,Livres Ocupados,161
WorstFit,Insercao,Livres Ocupados,122
WorstFit,Insercao,Livres Ocupados,122
WorstFit,Insercao,Livres Ocupados,120
WorstFit,Insercao,Livres Ocupados,117
WorstFit,Insercao,Livres Ocupados,124
WorstFit,Insercao,Livres Ocupados,119
WorstFit,Insercao,Livres Ocupados,194
WorstFit,Insercao,Livres Ocupados,111
WorstFit,Insercao,Livres Ocupados,117
WorstFit,Insercao,Livres Ocupados,119
WorstFit,Insercao,Livres Ocupados,154
WorstFit,Insercao,Livres Ocupados,124
WorstFit,Insercao,Livres Ocupados,117
WorstFit,Insercao,Livres Ocupados,117
WorstFit,Insercao,Livres Ocupados,118
WorstFit,Insercao,Livres Ocupados,117
WorstFit,Insercao,Livres Ocupados,145
WorstFit,Insercao,Livres Ocupados,118
WorstFit,Insercao,Livres Ocupados,122
WorstFit,Insercao,Livres Ocupados,121
WorstFit,Insercao,Livres Ocupados,118
WorstFit,Insercao,Livres Ocupados,127
WorstFit,Insercao,Livres Ocupados,145
WorstFit,Insercao,Livres Ocupados,126
WorstFit,Insercao,Livres Ocupados,129
WorstFit,Insercao,Livres Ocupados,142
WorstFit,Insercao,Livres Ocupados,130
WorstFit,Insercao,Livres Ocupados,129
WorstFit,Insercao,Livres Ocupados,161
WorstFit,Insercao,Livres Ocupados,124
WorstFit,Insercao,Livres Ocupados,121
WorstFit,Insercao,Livres Ocupados,130
WorstFit,Insercao,Livres Ocupados,153
WorstFit,Insercao,Livres Ocupados,161
WorstFit,Insercao,Livres Ocupados,148
WorstFit,Insercao,Livres Ocupados,142
WorstFit,Insercao,Livres Ocupados,123
WorstFit,Insercao,Livres Ocupados,126
WorstFit,Insercao,Livres Ocupados,122
WorstFit,Insercao,Livres Ocupados,125
WorstFit,Insercao,Livres Ocupados,124
WorstFit,Insercao,Livres Ocupados,127
WorstFit,Insercao,Livres Ocupados,129
WorstFit,Insercao,Livres Ocupados,128
WorstFit,Insercao,Livres Ocupados,127
WorstFit,Insercao,Livres Ocupados,123
WorstFit,Insercao,Livres Ocupados,126
WorstFit,Insercao,Livres Ocupados,128
WorstFit,Insercao,Livres Ocupados,131
WorstFit,Insercao,Livres Ocupados,127
WorstFit,Insercao,Livres Ocupados,127
WorstFit,Insercao,Livres Ocupados,124
WorstFit,Insercao,Livres Ocupados,127
WorstFit,Insercao,Livres Ocupados,199
WorstFit,Insercao,Livres Ocupados,118
WorstFit,Insercao,Livres Ocupados,126
WorstFit,Insercao,Livres Ocupados,130
WorstFit,Insercao,Livres Ocupados,168
WorstFit,Insercao,Livres Ocupados,127
WorstFit,Insercao,Livres Ocupados,126
WorstFit,Insercao,Livres Ocupados,148
WorstFit,Insercao,Livres Ocupados,127
WorstFit,Insercao,Livres Ocupados,134
WorstFit,Insercao,Livres Ocupados,131
WorstFit,Insercao,Livres Ocupados,147
WorstFit,Insercao,Livres Ocupados,128
WorstFit,Insercao,Livres Ocupados,126
WorstFit,Insercao,Livres Ocupados,128
WorstFit,Insercao,Livres Ocupados,129
WorstFit,Insercao,Livres Ocupados,130
WorstFit,Insercao,Livres Ocupados,158
WorstFit,Insercao,Livres Ocupados,135
WorstFit,Insercao,Livres Ocupados,159
