WorstFit,Insercao,Livres Ocupados,32
WorstFit,Insercao,Livres Ocupados,37
WorstFit,Insercao,Livres Ocupados,33
WorstFit,Insercao,Livres Ocupados,33
WorstFit,Insercao,Livres Ocupados,28
WorstFit,Insercao,Livres Ocupados,35
WorstFit,Insercao,Livres Ocupados,33
WorstFit,Insercao,Livres Ocupados,35
WorstFit,Insercao,Livres Ocupados,47
WorstFit,Insercao,Livres Ocupados,53
WorstFit,Insercao,Livres Ocupados,31
WorstFit,Insercao,Livres Ocupados,43
WorstFit,Insercao,Livres Ocupados,37
WorstFit,Insercao,Livres Ocupados,33
WorstFit,Insercao,Livres Ocupados,36
WorstFit,Insercao,Livres Ocupados,32
WorstFit,Insercao,Livres Ocupados,40
WorstFit,Insercao,Livres Ocupados,37
WorstFit,Insercao,Livres Ocupados,34
WorstFit,Insercao,Livres Ocupados,40
WorstFit,Insercao,Livres Ocupados,43
WorstFit,Insercao,Livres Ocupados,42
WorstFit,Insercao,Livres Ocupados,164
WorstFit,Insercao,Livres Ocupados,38
WorstFit,Insercao,Livres Ocupados,36
WorstFit,Insercao,Livres Ocupados,37
WorstFit,Insercao,Livres Ocupados,33
WorstFit,Insercao,Livres Ocupados,37
WorstFit,Insercao,Livres Ocupados,40
WorstFit,Insercao,Livres Ocupados,36
WorstFit,Insercao,Livres Ocupados,35
WorstFit,Insercao,Livres Ocupados,36
WorstFit,Insercao,Livres Ocupados,39
WorstFit,Insercao,Livres Ocupados,37
WorstFit,Insercao,Livres Ocupados,36
WorstFit,Insercao,Livres Ocupados,45
WorstFit,Insercao,Livres Ocupados,35
WorstFit,Insercao,Livres Ocupados,35
WorstFit,Insercao,Livres Ocupados,37
WorstFit,Insercao,Livres Ocupados,42
WorstFit,Insercao,Livres Ocupados,36
WorstFit,Insercao,Livres Ocupados,36
WorstFit,Insercao,Livres Ocupados,40
WorstFit,Insercao,Livres Ocupados,34
WorstFit,Insercao,Livres Ocupados,45
WorstFit,Insercao,Livres Ocupados,39
WorstFit,Insercao,Livres Ocupados,39
WorstFit,Insercao,Livres Ocupados,39
WorstFit,Insercao,Livres Ocupados,38
WorstFit,Insercao,Livres Ocupados,36
WorstFit,Insercao,Livres Ocupados,38
WorstFit,Insercao,Livres Ocupados,47
WorstFit,Insercao,Livres Ocupados,49
WorstFit,Insercao,Livres Ocupados,42
WorstFit,Insercao,Livres Ocupados,47
WorstFit,Insercao,Livres Ocupados,37
WorstFit,Insercao,Livres Ocupados,39
WorstFit,Insercao,Livres Ocupados,41
WorstFit,Insercao,Livres Ocupados,37
WorstFit,Insercao,Livres Ocupados,39
WorstFit,Insercao,Livres Ocupados,42
WorstFit,Insercao,Livres Ocupados,38
WorstFit,Insercao,Livres Ocupados,35
WorstFit,Insercao,Livres Ocupados,44
WorstFit,Insercao,Livres Ocupados,40
WorstFit,Insercao,Livres Ocupados,38
WorstFit,Insercao,Livres Ocupados,45
WorstFit,Insercao,Livres Ocupados,40
WorstFit,Insercao,Livres Ocupados,37
WorstFit,Insercao,Livres Ocupados,41
WorstFit,Insercao,Livres Ocupados,45
WorstFit,Insercao,Livres Ocupados,41
WorstFit,Insercao,Livres Ocupados,42
WorstFit,Insercao,Livres Ocupados,46
WorstFit,Insercao,Livres Ocupados,38
WorstFit,Insercao,Livres Ocupados,40
WorstFit,Insercao,Livres Ocupados,64
WorstFit,Insercao,Livres Ocupados,41
WorstFit,Insercao,Livres Ocupados,47
WorstFit,Insercao,Livres Ocupados,41
WorstFit,Insercao,Livres Ocupados,37
WorstFit,Insercao,Livres Ocupados,44
WorstFit,Insercao,Livres Ocupados,45
WorstFit,Insercao,Livres Ocupados,41
WorstFit,Insercao,Livres Ocupados,42
WorstFit,Insercao,Livres Ocupados,43
WorstFit,Insercao,Livres Ocupados,41
WorstFit,Insercao,Livres Ocupados,43
WorstFit,Insercao,Livres Ocupados,43
WorstFit,Insercao,Livres Ocupados,39
WorstFit,Insercao,Livres Ocupados,59
WorstFit,Insercao,Livres Ocupados,38
WorstFit,Insercao,Livres Ocupados,44
WorstFit,Insercao,Livres Ocupados,44
WorstFit,Insercao,Livres Ocupados,47
WorstFit,Insercao,Livres Ocupados,42
WorstFit,Insercao,Livres Ocupados,45
WorstFit,Insercao,Livres Ocupados,56
WorstFit,Insercao,Livres Ocupados,41
WorstFit,Insercao,Livres Ocupados,40
WorstFit,Insercao,Livres Ocupados,61
