BestFit,Insercao,Livres Ocupados,126
BestFit,Insercao,Livres Ocupados,118
BestFit,Insercao,Livres Ocupados,118
BestFit,Insercao,Livres Ocupados,110
BestFit,Insercao,Livres Ocupados,124
BestFit,Insercao,Livres Ocupados,115
BestFit,Insercao,Livres Ocupados,119
BestFit,Insercao,Livres Ocupados,118
BestFit,Insercao,Livres Ocupados,135
BestFit,Insercao,Livres Ocupados,120
BestFit,Insercao,Livres Ocupados,125
BestFit,Insercao,Livres Ocupados,122
BestFit,Insercao,Livres Ocupados,146
BestFit,Insercao,Livres Ocupados,121
BestFit,Insercao,Livres Ocupados,132
BestFit,Insercao,Livres Ocupados,116
BestFit,Insercao,Livres Ocupados,138
BestFit,Insercao,Livres Ocupados,117
BestFit,Insercao,Livres Ocupados,126
BestFit,Insercao,Livres Ocupados,116
BestFit,Insercao,Livres Ocupados,123
BestFit,Insercao,Livres Ocupados,122
BestFit,Insercao,Livres Ocupados,123
BestFit,Insercao,Livres Ocupados,173
BestFit,Insercao,Livres Ocupados,133
BestFit,Insercao,Livres Ocupados,116
BestFit,Insercao,Livres Ocupados,166
BestFit,Insercao,Livres Ocupados,117
BestFit,Insercao,Livres Ocupados,160
BestFit,Insercao,Livres Ocupados,119
BestFit,Insercao,Livres Ocupados,118
BestFit,Insercao,Livres Ocupados,118
BestFit,Insercao,Livres Ocupados,111
BestFit,Insercao,Livres Ocupados,126
BestFit,Insercao,Livres Ocupados,117
BestFit,Insercao,Livres Ocupados,140
BestFit,Insercao,Livres Ocupados,124
BestFit,Insercao,Livres Ocupados,117
BestFit,Insercao,Livres Ocupados,120
BestFit,Insercao,Livres Ocupados,122
BestFit,Insercao,Livres Ocupados,121
BestFit,Insercao,Livres Ocupados,137
BestFit,Insercao,Livres Ocupados,117
BestFit,Insercao,Livres Ocupados,118
BestFit,Insercao,Livres Ocupados,111
BestFit,Insercao,Livres Ocupados,116
BestFit,Insercao,Livres Ocupados,122
BestFit,Insercao,Livres Ocupados,134
BestFit,Insercao,Livres Ocupados,126
BestFit,Insercao,Livres Ocupados,143
BestFit,Insercao,Livres Ocupados,117
BestFit,Insercao,Livres Ocupados,127
BestFit,Insercao,Livres Ocupados,126
BestFit,Insercao,Livres Ocupados,130
BestFit,Insercao,Livres Ocupados,116
BestFit,Insercao,Livres Ocupados,131
BestFit,Insercao,Livres Ocupados,114
BestFit,Insercao,Livres Ocupados,125
BestFit,Insercao,Livres Ocupados,126
BestFit,Insercao,Livres Ocupados,120
BestFit,Insercao,Livres Ocupados,144
BestFit,Insercao,Livres Ocupados,124
BestFit,Insercao,Livres Ocupados,118
BestFit,Insercao,Livres Ocupados,166
BestFit,Insercao,Livres Ocupados,140
BestFit,Insercao,Livres Ocupados,118
BestFit,Insercao,Livres Ocupados,133
BestFit,Insercao,Livres Ocupados,129
BestFit,Insercao,Livres Ocupados,127
BestFit,Insercao,Livres Ocupados,105
BestFit,Insercao,Livres Ocupados,110
BestFit,Insercao,Livres Ocupados,155
BestFit,Insercao,Livres Ocupados,130
BestFit,Insercao,Livres Ocupados,132
BestFit,Insercao,Livres Ocupados,122
BestFit,Insercao,Livres Ocupados,122
BestFit,Insercao,Livres Ocupados,116
BestFit,Insercao,Livres Ocupados,114
BestFit,Insercao,Livres Ocupados,117
BestFit,Insercao,Livres Ocupados,125
BestFit,Insercao,Livres Ocupados,133
BestFit,Insercao,Livres Ocupados,127
BestFit,Insercao,Livres Ocupados,135
BestFit,Insercao,Livres Ocupados,128
BestFit,Insercao,Livres Ocupados,122
BestFit,Insercao,Livres Ocupados,132
BestFit,Insercao,Livres Ocupados,132
BestFit,Insercao,Livres Ocupados,139
BestFit,Insercao,Livres Ocupados,128
BestFit,Insercao,Livres Ocupados,126
BestFit,Insercao,Livres Ocupados,116
BestFit,Insercao,Livres Ocupados,126
BestFit,Insercao,Livres Ocupados,189
BestFit,Insercao,Livres Ocupados,170
BestFit,Insercao,Livres Ocupados,135
BestFit,Insercao,Livres Ocupados,139
BestFit,Insercao,Livres Ocupados,150
BestFit,Insercao,Livres Ocupados,144
BestFit,Insercao,Livres Ocupados,138
BestFit,Insercao,Livres Ocupados,137
BestFit,Insercao,Livres Ocupados,140
