WorstFit,Insercao,Livres Ocupados,124
WorstFit,Insercao,Livres Ocupados,122
WorstFit,Insercao,Livres Ocupados,144
WorstFit,Insercao,Livres Ocupados,124
WorstFit,Insercao,Livres Ocupados,127
WorstFit,Insercao,Livres Ocupados,122
WorstFit,Insercao,Livres Ocupados,120
WorstFit,Insercao,Livres Ocupados,139
WorstFit,Insercao,Livres Ocupados,145
WorstFit,Insercao,Livres Ocupados,122
WorstFit,Insercao,Livres Ocupados,142
WorstFit,Insercao,Livres Ocupados,128
WorstFit,Insercao,Livres Ocupados,124
WorstFit,Insercao,Livres Ocupados,120
WorstFit,Insercao,Livres Ocupados,126
WorstFit,Insercao,Livres Ocupados,123
WorstFit,Insercao,Livres Ocupados,125
WorstFit,Insercao,Livres Ocupados,125
WorstFit,Insercao,Livres Ocupados,126
WorstFit,Insercao,Livres Ocupados,137
WorstFit,Insercao,Livres Ocupados,125
WorstFit,Insercao,Livres Ocupados,224
WorstFit,Insercao,Livres Ocupados,124
WorstFit,Insercao,Livres Ocupados,129
WorstFit,Insercao,Livres Ocupados,129
WorstFit,Insercao,Livres Ocupados,129
WorstFit,Insercao,Livres Ocupados,131
WorstFit,Insercao,Livres Ocupados,127
WorstFit,Insercao,Livres Ocupados,133
WorstFit,Insercao,Livres Ocupados,179
WorstFit,Insercao,Livres Ocupados,123
WorstFit,Insercao,Livres Ocupados,126
WorstFit,Insercao,Livres Ocupados,122
WorstFit,Insercao,Livres Ocupados,123
WorstFit,Insercao,Livres Ocupados,127
WorstFit,Insercao,Livres Ocupados,125
WorstFit,Insercao,Livres Ocupados,119
WorstFit,Insercao,Livres Ocupados,127
WorstFit,Insercao,Livres Ocupados,128
WorstFit,Insercao,Livres Ocupados,144
WorstFit,Insercao,Livres Ocupados,125
WorstFit,Insercao,Livres Ocupados,119
WorstFit,Insercao,Livres Ocupados,125
WorstFit,Insercao,Livres Ocupados,143
WorstFit,Insercao,Livres Ocupados,194
WorstFit,Insercao,Livres Ocupados,124
WorstFit,Insercao,Livres Ocupados,124
WorstFit,Insercao,Livres Ocupados,122
WorstFit,Insercao,Livres Ocupados,125
WorstFit,Insercao,Livres Ocupados,123
WorstFit,Insercao,Livres Ocupados,121
WorstFit,Insercao,Livres Ocupados,124
WorstFit,Insercao,Livres Ocupados,121
WorstFit,Insercao,Livres Ocupados,122
WorstFit,Insercao,Livres Ocupados,143
WorstFit,Insercao,Livres Ocupados,124
WorstFit,Insercao,Livres Ocupados,126
WorstFit,Insercao,Livres Ocupados,140
WorstFit,Insercao,Livres Ocupados,129
WorstFit,Insercao,Livres Ocupados,182
WorstFit,Insercao,Livres Ocupados,113
WorstFit,Insercao,Livres Ocupados,127
WorstFit,Insercao,Livres Ocupados,184
WorstFit,Insercao,Livres Ocupados,117
WorstFit,Insercao,Livres Ocupados,117
WorstFit,Insercao,Livres Ocupados,133
WorstFit,Insercao,Livres Ocupados,131
WorstFit,Insercao,Livres Ocupados,141
WorstFit,Insercao,Livres Ocupados,128
WorstFit,Insercao,Livres Ocupados,123
WorstFit,Insercao,Livres Ocupados,130
WorstFit,Insercao,Livres Ocupados,122
WorstFit,Insercao,Livres Ocupados,127
WorstFit,Insercao,Livres Ocupados,132
WorstFit,Insercao,Livres Ocupados,133
WorstFit,Insercao,Livres Ocupados,121
WorstFit,Insercao,Livres Ocupados,134
WorstFit,Insercao,Livres Ocupados,128
WorstFit,Insercao,Livres Ocupados,127
WorstFit,Insercao,Livres Ocupados,125
WorstFit,Insercao,Livres Ocupados,126
WorstFit,Insercao,Livres Ocupados,133
WorstFit,Insercao,Livres Ocupados,179
WorstFit,Insercao,Livres Ocupados,127
WorstFit,Insercao,Livres Ocupados,133
WorstFit,Insercao,Livres Ocupados,137
WorstFit,Insercao,Livres Ocupados,132
WorstFit,Insercao,Livres Ocupados,123
WorstFit,Insercao,Livres Ocupados,160
WorstFit,Insercao,Livres Ocupados,131
WorstFit,Insercao,Livres Ocupados,133
WorstFit,Insercao,Livres Ocupados,135
WorstFit,Insercao,Livres Ocupados,134
WorstFit,Insercao,Livres Ocupados,136
WorstFit,Insercao,Livres Ocupados,134
WorstFit,Insercao,Livres Ocupados,146
WorstFit,Insercao,Livres Ocupados,137
WorstFit,Insercao,Livres Ocupados,135
WorstFit,Insercao,Livres Ocupados,151
WorstFit,Insercao,Livres Ocupados,127
WorstFit,Insercao,Livres Ocupados,132
