WorstFit,Insercao,Livres Ocupados,135
WorstFit,Insercao,Livres Ocupados,127
WorstFit,Insercao,Livres Ocupados,128
WorstFit,Insercao,Livres Ocupados,122
WorstFit,Insercao,Livres Ocupados,122
WorstFit,Insercao,Livres Ocupados,130
WorstFit,Insercao,Livres Ocupados,125
WorstFit,Insercao,Livres Ocupados,127
WorstFit,Insercao,Livres Ocupados,160
WorstFit,Insercao,Livres Ocupados,133
WorstFit,Insercao,Livres Ocupados,130
WorstFit,Insercao,Livres Ocupados,122
WorstFit,Insercao,Livres Ocupados,131
WorstFit,Insercao,Livres Ocupados,156
WorstFit,Insercao,Livres Ocupados,177
WorstFit,Insercao,Livres Ocupados,158
WorstFit,Insercao,Livres Ocupados,131
WorstFit,Insercao,Livres Ocupados,134
WorstFit,Insercao,Livres Ocupados,134
WorstFit,Insercao,Livres Ocupados,138
WorstFit,Insercao,Livres Ocupados,130
WorstFit,Insercao,Livres Ocupados,128
WorstFit,Insercao,Livres Ocupados,130
WorstFit,Insercao,Livres Ocupados,125
WorstFit,Insercao,Livres Ocupados,131
WorstFit,Insercao,Livres Ocupados,179
WorstFit,Insercao,Livres Ocupados,129
WorstFit,Insercao,Livres Ocupados,129
WorstFit,Insercao,Livres Ocupados,128
WorstFit,Insercao,Livres Ocupados,134
WorstFit,Insercao,Livres Ocupados,137
WorstFit,Insercao,Livres Ocupados,160
WorstFit,Insercao,Livres Ocupados,128
WorstFit,Insercao,Livres Ocupados,127
WorstFit,Insercao,Livres Ocupados,129
WorstFit,Insercao,Livres Ocupados,132
WorstFit,Insercao,Livres Ocupados,173
WorstFit,Insercao,Livres Ocupados,134
WorstFit,Insercao,Livres Ocupados,130
WorstFit,Insercao,Livres Ocupados,131
WorstFit,Insercao,Livres Ocupados,129
WorstFit,Insercao,Livres Ocupados,125
WorstFit,Insercao,Livres Ocupados,139
WorstFit,Insercao,Livres Ocupados,126
WorstFit,Insercao,Livres Ocupados,127
WorstFit,Insercao,Livres Ocupados,132
WorstFit,Insercao,Livres Ocupados,134
WorstFit,Insercao,Livres Ocupados,207
WorstFit,Insercao,Livres Ocupados,182
WorstFit,Insercao,Livres Ocupados,189
WorstFit,Insercao,Livres Ocupados,130
WorstFit,Insercao,Livres Ocupados,130
WorstFit,Insercao,Livres Ocupados,128
WorstFit,Insercao,Livres Ocupados,130
WorstFit,Insercao,Livres Ocupados,178
WorstFit,Insercao,Livres Ocupados,207
WorstFit,Insercao,Livres Ocupados,136
WorstFit,Insercao,Livres Ocupados,133
WorstFit,Insercao,Livres Ocupados,169
WorstFit,Insercao,Livres Ocupados,133
WorstFit,Insercao,Livres Ocupados,128
WorstFit,Insercao,Livres Ocupados,129
WorstFit,Insercao,Livres Ocupados,125
WorstFit,Insercao,Livres Ocupados,130
WorstFit,Insercao,Livres Ocupados,126
WorstFit,Insercao,Livres Ocupados,133
WorstFit,Insercao,Livres Ocupados,162
WorstFit,Insercao,Livres Ocupados,131
WorstFit,Insercao,Livres Ocupados,131
WorstFit,Insercao,Livres Ocupados,133
WorstFit,Insercao,Livres Ocupados,131
WorstFit,Insercao,Livres Ocupados,132
WorstFit,Insercao,Livres Ocupados,129
WorstFit,Insercao,Livres Ocupados,136
WorstFit,Insercao,Livres Ocupados,161
WorstFit,Insercao,Livres Ocupados,146
WorstFit,Insercao,Livres Ocupados,136
WorstFit,Insercao,Livres Ocupados,133
WorstFit,Insercao,Livres Ocupados,140
WorstFit,Insercao,Livres Ocupados,130
WorstFit,Insercao,Livres Ocupados,134
WorstFit,Insercao,Livres Ocupados,208
WorstFit,Insercao,Livres Ocupados,135
WorstFit,Insercao,Livres Ocupados,131
WorstFit,Insercao,Livres Ocupados,132
WorstFit,Insercao,Livres Ocupados,712
WorstFit,Insercao,Livres Ocupados,139
WorstFit,Insercao,Livres Ocupados,131
WorstFit,Insercao,Livres Ocupados,151
WorstFit,Insercao,Livres Ocupados,136
WorstFit,Insercao,Livres Ocupados,189
WorstFit,Insercao,Livres Ocupados,155
WorstFit,Insercao,Livres Ocupados,133
WorstFit,Insercao,Livres Ocupados,138
WorstFit,Insercao,Livres Ocupados,144
WorstFit,Insercao,Livres Ocupados,145
WorstFit,Insercao,Livres Ocupados,132
WorstFit,Insercao,Livres Ocupados,136
WorstFit,Insercao,Livres Ocupados,135
WorstFit,Insercao,Livres Ocupados,144
WorstFit,Insercao,Livres Ocupados,188
