WorstFit,Insercao,Livres Ocupados,232
WorstFit,Insercao,Livres Ocupados,203
WorstFit,Insercao,Livres Ocupados,162
WorstFit,Insercao,Livres Ocupados,168
WorstFit,Insercao,Livres Ocupados,161
WorstFit,Insercao,Livres Ocupados,167
WorstFit,Insercao,Livres Ocupados,166
WorstFit,Insercao,Livres Ocupados,165
WorstFit,Insercao,Livres Ocupados,161
WorstFit,Insercao,Livres Ocupados,164
WorstFit,Insercao,Livres Ocupados,161
WorstFit,Insercao,Livres Ocupados,156
WorstFit,Insercao,Livres Ocupados,177
WorstFit,Insercao,Livres Ocupados,183
WorstFit,Insercao,Livres Ocupados,168
WorstFit,Insercao,Livres Ocupados,173
WorstFit,Insercao,Livres Ocupados,162
WorstFit,Insercao,Livres Ocupados,160
WorstFit,Insercao,Livres Ocupados,173
WorstFit,Insercao,Livres Ocupados,176
WorstFit,Insercao,Livres Ocupados,181
WorstFit,Insercao,Livres Ocupados,228
WorstFit,Insercao,Livres Ocupados,179
WorstFit,Insercao,Livres Ocupados,178
WorstFit,Insercao,Livres Ocupados,188
WorstFit,Insercao,Livres Ocupados,173
WorstFit,Insercao,Livres Ocupados,179
WorstFit,Insercao,Livres Ocupados,182
WorstFit,Insercao,Livres Ocupados,270
WorstFit,Insercao,Livres Ocupados,180
WorstFit,Insercao,Livres Ocupados,196
WorstFit,Insercao,Livres Ocupados,199
WorstFit,Insercao,Livres Ocupados,181
WorstFit,Insercao,Livres Ocupados,208
WorstFit,Insercao,Livres Ocupados,185
WorstFit,Insercao,Livres Ocupados,191
WorstFit,Insercao,Livres Ocupados,190
WorstFit,Insercao,Livres Ocupados,232
WorstFit,Insercao,Livres Ocupados,191
WorstFit,Insercao,Livres Ocupados,203
WorstFit,Insercao,Livres Ocupados,188
WorstFit,Insercao,Livres Ocupados,193
WorstFit,Insercao,Livres Ocupados,191
WorstFit,Insercao,Livres Ocupados,200
WorstFit,Insercao,Livres Ocupados,222
WorstFit,Insercao,Livres Ocupados,196
WorstFit,Insercao,Livres Ocupados,189
WorstFit,Insercao,Livres Ocupados,196
WorstFit,Insercao,Livres Ocupados,202
WorstFit,Insercao,Livres Ocupados,208
WorstFit,Insercao,Livres Ocupados,211
WorstFit,Insercao,Livres Ocupados,204
WorstFit,Insercao,Livres Ocupados,193
WorstFit,Insercao,Livres Ocupados,199
WorstFit,Insercao,Livres Ocupados,208
WorstFit,Insercao,Livres Ocupados,228
WorstFit,Insercao,Livres Ocupados,197
WorstFit,Insercao,Livres Ocupados,217
WorstFit,Insercao,Livres Ocupados,219
WorstFit,Insercao,Livres Ocupados,202
WorstFit,Insercao,Livres Ocupados,210
WorstFit,Insercao,Livres Ocupados,194
WorstFit,Insercao,Livres Ocupados,202
WorstFit,Insercao,Livres Ocupados,205
WorstFit,Insercao,Livres Ocupados,205
WorstFit,Insercao,Livres Ocupados,205
WorstFit,Insercao,Livres Ocupados,213
WorstFit,Insercao,Livres Ocupados,207
WorstFit,Insercao,Livres Ocupados,209
WorstFit,Insercao,Livres Ocupados,212
WorstFit,Insercao,Livres Ocupados,322
WorstFit,Insercao,Livres Ocupados,211
WorstFit,Insercao,Livres Ocupados,219
WorstFit,Insercao,Livres Ocupados,207
WorstFit,Insercao,Livres Ocupados,216
WorstFit,Insercao,Livres Ocupados,250
WorstFit,Insercao,Livres Ocupados,265
WorstFit,Insercao,Livres Ocupados,210
