BestFit,Insercao,Livres Ocupados,117
BestFit,Insercao,Livres Ocupados,122
BestFit,Insercao,Livres Ocupados,122
BestFit,Insercao,Livres Ocupados,119
BestFit,Insercao,Livres Ocupados,124
BestFit,Insercao,Livres Ocupados,117
BestFit,Insercao,Livres Ocupados,213
BestFit,Insercao,Livres Ocupados,142
BestFit,Insercao,Livres Ocupados,125
BestFit,Insercao,Livres Ocupados,123
BestFit,Insercao,Livres Ocupados,128
BestFit,Insercao,Livres Ocupados,178
BestFit,Insercao,Livres Ocupados,125
BestFit,Insercao,Livres Ocupados,127
BestFit,Insercao,Livres Ocupados,124
BestFit,Insercao,Livres Ocupados,126
BestFit,Insercao,Livres Ocupados,121
BestFit,Insercao,Livres Ocupados,131
BestFit,Insercao,Livres Ocupados,156
BestFit,Insercao,Livres Ocupados,123
BestFit,Insercao,Livres Ocupados,121
BestFit,Insercao,Livres Ocupados,123
BestFit,Insercao,Livres Ocupados,126
BestFit,Insercao,Livres Ocupados,136
BestFit,Insercao,Livres Ocupados,132
BestFit,Insercao,Livres Ocupados,128
BestFit,Insercao,Livres Ocupados,128
BestFit,Insercao,Livres Ocupados,117
BestFit,Insercao,Livres Ocupados,123
BestFit,Insercao,Livres Ocupados,117
BestFit,Insercao,Livres Ocupados,131
BestFit,Insercao,Livres Ocupados,130
BestFit,Insercao,Livres Ocupados,118
BestFit,Insercao,Livres Ocupados,134
BestFit,Insercao,Livres Ocupados,147
BestFit,Insercao,Livres Ocupados,167
BestFit,Insercao,Livres Ocupados,165
BestFit,Insercao,Livres Ocupados,129
BestFit,Insercao,Livres Ocupados,132
BestFit,Insercao,Livres Ocupados,131
BestFit,Insercao,Livres Ocupados,180
BestFit,Insercao,Livres Ocupados,170
BestFit,Insercao,Livres Ocupados,132
BestFit,Insercao,Livres Ocupados,128
BestFit,Insercao,Livres Ocupados,125
BestFit,Insercao,Livres Ocupados,142
BestFit,Insercao,Livres Ocupados,132
BestFit,Insercao,Livres Ocupados,134
BestFit,Insercao,Livres Ocupados,138
BestFit,Insercao,Livres Ocupados,127
BestFit,Insercao,Livres Ocupados,123
BestFit,Insercao,Livres Ocupados,135
BestFit,Insercao,Livres Ocupados,194
BestFit,Insercao,Livres Ocupados,142
BestFit,Insercao,Livres Ocupados,140
BestFit,Insercao,Livres Ocupados,137
BestFit,Insercao,Livres Ocupados,122
BestFit,Insercao,Livres Ocupados,140
BestFit,Insercao,Livres Ocupados,134
BestFit,Insercao,Livres Ocupados,132
BestFit,Insercao,Livres Ocupados,160
BestFit,Insercao,Livres Ocupados,171
BestFit,Insercao,Livres Ocupados,123
BestFit,Insercao,Livres Ocupados,154
BestFit,Insercao,Livres Ocupados,131
BestFit,Insercao,Livres Ocupados,127
BestFit,Insercao,Livres Ocupados,132
BestFit,Insercao,Livres Ocupados,143
BestFit,Insercao,Livres Ocupados,129
BestFit,Insercao,Livres Ocupados,118
BestFit,Insercao,Livres Ocupados,129
BestFit,Insercao,Livres Ocupados,122
BestFit,Insercao,Livres Ocupados,150
BestFit,Insercao,Livres Ocupados,146
BestFit,Insercao,Livres Ocupados,136
BestFit,Insercao,Livres Ocupados,136
BestFit,Insercao,Livres Ocupados,152
BestFit,Insercao,Livres Ocupados,123
BestFit,Insercao,Livres Ocupados,129
BestFit,Insercao,Livres Ocupados,151
BestFit,Insercao,Livres Ocupados,141
BestFit,Insercao,Livres Ocupados,139
BestFit,Insercao,Livres Ocupados,167
BestFit,Insercao,Livres Ocupados,134
BestFit,Insercao,Livres Ocupados,134
BestFit,Insercao,Livres Ocupados,132
BestFit,Insercao,Livres Ocupados,137
BestFit,Insercao,Livres Ocupados,125
BestFit,Insercao,Livres Ocupados,139
BestFit,Insercao,Livres Ocupados,161
BestFit,Insercao,Livres Ocupados,121
BestFit,Insercao,Livres Ocupados,134
BestFit,Insercao,Livres Ocupados,154
BestFit,Insercao,Livres Ocupados,221
BestFit,Insercao,Livres Ocupados,200
BestFit,Insercao,Livres Ocupados,163
BestFit,Insercao,Livres Ocupados,170
BestFit,Insercao,Livres Ocupados,133
BestFit,Insercao,Livres Ocupados,137
BestFit,Insercao,Livres Ocupados,142
BestFit,Insercao,Livres Ocupados,174
