FirstFit,Insercao,Livres Ocupados,4
FirstFit,Insercao,Livres Ocupados,1
FirstFit,Insercao,Livres Ocupados,6
FirstFit,Insercao,Livres Ocupados,8
FirstFit,Insercao,Livres Ocupados,2
FirstFit,Insercao,Livres Ocupados,6
FirstFit,Insercao,Livres Ocupados,6
FirstFit,Insercao,Livres Ocupados,24
FirstFit,Insercao,Livres Ocupados,7
FirstFit,Insercao,Livres Ocupados,9
FirstFit,Insercao,Livres Ocupados,15
FirstFit,Insercao,Livres Ocupados,26
FirstFit,Insercao,Livres Ocupados,37
FirstFit,Insercao,Livres Ocupados,7
FirstFit,Insercao,Livres Ocupados,43
FirstFit,Insercao,Livres Ocupados,46
FirstFit,Insercao,Livres Ocupados,46
FirstFit,Insercao,Livres Ocupados,57
FirstFit,Insercao,Livres Ocupados,6
FirstFit,Insercao,Livres Ocupados,56
FirstFit,Insercao,Livres Ocupados,65
FirstFit,Insercao,Livres Ocupados,50
FirstFit,Insercao,Livres Ocupados,8
FirstFit,Insercao,Livres Ocupados,7
FirstFit,Insercao,Livres Ocupados,8
FirstFit,Insercao,Livres Ocupados,67
FirstFit,Insercao,Livres Ocupados,11
FirstFit,Insercao,Livres Ocupados,202
FirstFit,Insercao,Livres Ocupados,58
FirstFit,Insercao,Livres Ocupados,67
FirstFit,Insercao,Livres Ocupados,60
FirstFit,Insercao,Livres Ocupados,22
FirstFit,Insercao,Livres Ocupados,214
FirstFit,Insercao,Livres Ocupados,26
FirstFit,Insercao,Livres Ocupados,70
FirstFit,Insercao,Livres Ocupados,26
FirstFit,Insercao,Livres Ocupados,11
FirstFit,Insercao,Livres Ocupados,30
FirstFit,Insercao,Livres Ocupados,32
FirstFit,Insercao,Livres Ocupados,53
FirstFit,Insercao,Livres Ocupados,62
FirstFit,Insercao,Livres Ocupados,13
FirstFit,Insercao,Livres Ocupados,55
FirstFit,Insercao,Livres Ocupados,79
FirstFit,Insercao,Livres Ocupados,73
FirstFit,Insercao,Livres Ocupados,83
FirstFit,Insercao,Livres Ocupados,39
FirstFit,Insercao,Livres Ocupados,16
FirstFit,Insercao,Livres Ocupados,43
FirstFit,Insercao,Livres Ocupados,9
FirstFit,Insercao,Livres Ocupados,117
FirstFit,Insercao,Livres Ocupados,50
FirstFit,Insercao,Livres Ocupados,16
FirstFit,Insercao,Livres Ocupados,25
FirstFit,Insercao,Livres Ocupados,184
FirstFit,Insercao,Livres Ocupados,108
FirstFit,Insercao,Livres Ocupados,230
FirstFit,Insercao,Livres Ocupados,54
FirstFit,Insercao,Livres Ocupados,92
FirstFit,Insercao,Livres Ocupados,112
FirstFit,Insercao,Livres Ocupados,131
FirstFit,Insercao,Livres Ocupados,71
FirstFit,Insercao,Livres Ocupados,186
FirstFit,Insercao,Livres Ocupados,60
FirstFit,Insercao,Livres Ocupados,16
FirstFit,Insercao,Livres Ocupados,167
FirstFit,Insercao,Livres Ocupados,24
FirstFit,Insercao,Livres Ocupados,25
FirstFit,Insercao,Livres Ocupados,174
FirstFit,Insercao,Livres Ocupados,255
FirstFit,Insercao,Livres Ocupados,43
FirstFit,Insercao,Livres Ocupados,35
FirstFit,Insercao,Livres Ocupados,71
FirstFit,Insercao,Livres Ocupados,97
FirstFit,Insercao,Livres Ocupados,206
FirstFit,Insercao,Livres Ocupados,115
FirstFit,Insercao,Livres Ocupados,127
FirstFit,Insercao,Livres Ocupados,84
FirstFit,Insercao,Livres Ocupados,32
FirstFit,Insercao,Livres Ocupados,87
FirstFit,Insercao,Livres Ocupados,109
FirstFit,Insercao,Livres Ocupados,174
FirstFit,Insercao,Livres Ocupados,165
FirstFit,Insercao,Livres Ocupados,165
FirstFit,Insercao,Livres Ocupados,209
FirstFit,Insercao,Livres Ocupados,141
FirstFit,Insercao,Livres Ocupados,179
FirstFit,Insercao,Livres Ocupados,229
FirstFit,Insercao,Livres Ocupados,189
FirstFit,Insercao,Livres Ocupados,206
FirstFit,Insercao,Livres Ocupados,75
FirstFit,Insercao,Livres Ocupados,114
FirstFit,Insercao,Livres Ocupados,138
FirstFit,Insercao,Livres Ocupados,145
FirstFit,Insercao,Livres Ocupados,190
FirstFit,Insercao,Livres Ocupados,43
FirstFit,Insercao,Livres Ocupados,178
FirstFit,Insercao,Livres Ocupados,44
