WorstFit,Insercao,Livres,54
WorstFit,Insercao,Livres,53
WorstFit,Insercao,Livres,51
WorstFit,Insercao,Livres,52
WorstFit,Insercao,Livres,53
WorstFit,Insercao,Livres,52
WorstFit,Insercao,Livres,54
WorstFit,Insercao,Livres,54
WorstFit,Insercao,Livres,54
WorstFit,Insercao,Livres,53
WorstFit,Insercao,Livres,54
WorstFit,Insercao,Livres,102
WorstFit,Insercao,Livres,54
WorstFit,Insercao,Livres,54
WorstFit,Insercao,Livres,54
WorstFit,Insercao,Livres,51
WorstFit,Insercao,Livres,82
WorstFit,Insercao,Livres,56
WorstFit,Insercao,Livres,54
WorstFit,Insercao,Livres,57
WorstFit,Insercao,Livres,53
WorstFit,Insercao,Livres,52
WorstFit,Insercao,Livres,56
WorstFit,Insercao,Livres,53
WorstFit,Insercao,Livres,52
WorstFit,Insercao,Livres,54
WorstFit,Insercao,Livres,53
WorstFit,Insercao,Livres,52
WorstFit,Insercao,Livres,52
WorstFit,Insercao,Livres,83
WorstFit,Insercao,Livres,52
WorstFit,Insercao,Livres,52
WorstFit,Insercao,Livres,52
WorstFit,Insercao,Livres,52
WorstFit,Insercao,Livres,68
WorstFit,Insercao,Livres,53
WorstFit,Insercao,Livres,54
WorstFit,Insercao,Livres,54
WorstFit,Insercao,Livres,53
WorstFit,Insercao,Livres,56
WorstFit,Insercao,Livres,59
WorstFit,Insercao,Livres,55
WorstFit,Insercao,Livres,56
WorstFit,Insercao,Livres,55
WorstFit,Insercao,Livres,54
WorstFit,Insercao,Livres,65
WorstFit,Insercao,Livres,57
WorstFit,Insercao,Livres,56
WorstFit,Insercao,Livres,53
WorstFit,Insercao,Livres,52
WorstFit,Insercao,Livres,53
WorstFit,Insercao,Livres,53
WorstFit,Insercao,Livres,62
WorstFit,Insercao,Livres,53
WorstFit,Insercao,Livres,85
WorstFit,Insercao,Livres,62
WorstFit,Insercao,Livres,54
WorstFit,Insercao,Livres,56
WorstFit,Insercao,Livres,55
WorstFit,Insercao,Livres,52
WorstFit,Insercao,Livres,55
WorstFit,Insercao,Livres,57
WorstFit,Insercao,Livres,55
WorstFit,Insercao,Livres,52
WorstFit,Insercao,Livres,55
WorstFit,Insercao,Livres,50
WorstFit,Insercao,Livres,52
WorstFit,Insercao,Livres,91
WorstFit,Insercao,Livres,53
WorstFit,Insercao,Livres,54
WorstFit,Insercao,Livres,56
WorstFit,Insercao,Livres,53
WorstFit,Insercao,Livres,54
WorstFit,Insercao,Livres,73
WorstFit,Insercao,Livres,54
WorstFit,Insercao,Livres,56
WorstFit,Insercao,Livres,55
WorstFit,Insercao,Livres,61
WorstFit,Insercao,Livres,57
WorstFit,Insercao,Livres,58
WorstFit,Insercao,Livres,54
WorstFit,Insercao,Livres,53
WorstFit,Insercao,Livres,55
WorstFit,Insercao,Livres,54
WorstFit,Insercao,Livres,55
WorstFit,Insercao,Livres,56
WorstFit,Insercao,Livres,55
WorstFit,Insercao,Livres,53
WorstFit,Insercao,Livres,55
WorstFit,Insercao,Livres,52
WorstFit,Insercao,Livres,55
WorstFit,Insercao,Livres,86
WorstFit,Insercao,Livres,53
WorstFit,Insercao,Livres,54
WorstFit,Insercao,Livres,55
WorstFit,Insercao,Livres,50
WorstFit,Insercao,Livres,53
WorstFit,Insercao,Livres,55
WorstFit,Insercao,Livres,53
WorstFit,Insercao,Livres,55
WorstFit,Insercao,Livres,54
