BestFit,Insercao,Livres,58
BestFit,Insercao,Livres,60
BestFit,Insercao,Livres,59
BestFit,Insercao,Livres,61
BestFit,Insercao,Livres,70
BestFit,Insercao,Livres,59
BestFit,Insercao,Livres,60
BestFit,Insercao,Livres,61
BestFit,Insercao,Livres,59
BestFit,Insercao,Livres,59
BestFit,Insercao,Livres,59
BestFit,Insercao,Livres,64
BestFit,Insercao,Livres,61
BestFit,Insercao,Livres,58
BestFit,Insercao,Livres,54
BestFit,Insercao,Livres,57
BestFit,Insercao,Livres,55
BestFit,Insercao,Livres,55
BestFit,Insercao,Livres,56
BestFit,Insercao,Livres,56
BestFit,Insercao,Livres,55
BestFit,Insercao,Livres,56
BestFit,Insercao,Livres,57
BestFit,Insercao,Livres,59
BestFit,Insercao,Livres,78
BestFit,Insercao,Livres,57
BestFit,Insercao,Livres,57
BestFit,Insercao,Livres,63
BestFit,Insercao,Livres,55
BestFit,Insercao,Livres,57
BestFit,Insercao,Livres,58
BestFit,Insercao,Livres,60
BestFit,Insercao,Livres,54
BestFit,Insercao,Livres,60
BestFit,Insercao,Livres,55
BestFit,Insercao,Livres,58
BestFit,Insercao,Livres,61
BestFit,Insercao,Livres,64
BestFit,Insercao,Livres,58
BestFit,Insercao,Livres,56
BestFit,Insercao,Livres,56
BestFit,Insercao,Livres,58
BestFit,Insercao,Livres,58
BestFit,Insercao,Livres,57
BestFit,Insercao,Livres,59
BestFit,Insercao,Livres,80
BestFit,Insercao,Livres,59
BestFit,Insercao,Livres,60
BestFit,Insercao,Livres,57
BestFit,Insercao,Livres,59
BestFit,Insercao,Livres,60
BestFit,Insercao,Livres,59
BestFit,Insercao,Livres,58
BestFit,Insercao,Livres,57
BestFit,Insercao,Livres,57
BestFit,Insercao,Livres,60
BestFit,Insercao,Livres,56
BestFit,Insercao,Livres,56
BestFit,Insercao,Livres,56
BestFit,Insercao,Livres,77
BestFit,Insercao,Livres,59
BestFit,Insercao,Livres,56
BestFit,Insercao,Livres,56
BestFit,Insercao,Livres,57
BestFit,Insercao,Livres,58
BestFit,Insercao,Livres,58
BestFit,Insercao,Livres,58
BestFit,Insercao,Livres,59
BestFit,Insercao,Livres,59
BestFit,Insercao,Livres,57
BestFit,Insercao,Livres,55
BestFit,Insercao,Livres,58
BestFit,Insercao,Livres,133
BestFit,Insercao,Livres,59
BestFit,Insercao,Livres,167
BestFit,Insercao,Livres,59
BestFit,Insercao,Livres,57
BestFit,Insercao,Livres,57
BestFit,Insercao,Livres,59
BestFit,Insercao,Livres,56
BestFit,Insercao,Livres,97
BestFit,Insercao,Livres,59
BestFit,Insercao,Livres,57
BestFit,Insercao,Livres,58
BestFit,Insercao,Livres,62
BestFit,Insercao,Livres,54
BestFit,Insercao,Livres,66
BestFit,Insercao,Livres,61
BestFit,Insercao,Livres,58
BestFit,Insercao,Livres,56
BestFit,Insercao,Livres,63
BestFit,Insercao,Livres,57
BestFit,Insercao,Livres,63
BestFit,Insercao,Livres,68
BestFit,Insercao,Livres,56
BestFit,Insercao,Livres,58
BestFit,Insercao,Livres,57
BestFit,Insercao,Livres,57
BestFit,Insercao,Livres,58
BestFit,Insercao,Livres,59
BestFit,Insercao,Livres,57
