WorstFit,Insercao,Livres,24
WorstFit,Insercao,Livres,23
WorstFit,Insercao,Livres,24
WorstFit,Insercao,Livres,32
WorstFit,Insercao,Livres,28
WorstFit,Insercao,Livres,29
WorstFit,Insercao,Livres,33
WorstFit,Insercao,Livres,24
WorstFit,Insercao,Livres,24
WorstFit,Insercao,Livres,24
WorstFit,Insercao,Livres,37
WorstFit,Insercao,Livres,31
WorstFit,Insercao,Livres,24
WorstFit,Insercao,Livres,23
WorstFit,Insercao,Livres,25
WorstFit,Insercao,Livres,26
WorstFit,Insercao,Livres,24
WorstFit,Insercao,Livres,37
WorstFit,Insercao,Livres,23
WorstFit,Insercao,Livres,27
WorstFit,Insercao,Livres,25
WorstFit,Insercao,Livres,27
WorstFit,Insercao,Livres,24
WorstFit,Insercao,Livres,22
WorstFit,Insercao,Livres,53
WorstFit,Insercao,Livres,25
WorstFit,Insercao,Livres,29
WorstFit,Insercao,Livres,23
WorstFit,Insercao,Livres,43
WorstFit,Insercao,Livres,23
WorstFit,Insercao,Livres,24
WorstFit,Insercao,Livres,25
WorstFit,Insercao,Livres,27
WorstFit,Insercao,Livres,24
WorstFit,Insercao,Livres,36
WorstFit,Insercao,Livres,24
WorstFit,Insercao,Livres,61
WorstFit,Insercao,Livres,35
WorstFit,Insercao,Livres,26
WorstFit,Insercao,Livres,22
WorstFit,Insercao,Livres,25
WorstFit,Insercao,Livres,29
WorstFit,Insercao,Livres,30
WorstFit,Insercao,Livres,25
WorstFit,Insercao,Livres,25
WorstFit,Insercao,Livres,25
WorstFit,Insercao,Livres,42
WorstFit,Insercao,Livres,21
WorstFit,Insercao,Livres,22
WorstFit,Insercao,Livres,21
WorstFit,Insercao,Livres,25
WorstFit,Insercao,Livres,24
WorstFit,Insercao,Livres,26
WorstFit,Insercao,Livres,22
WorstFit,Insercao,Livres,27
WorstFit,Insercao,Livres,25
WorstFit,Insercao,Livres,24
WorstFit,Insercao,Livres,23
WorstFit,Insercao,Livres,28
WorstFit,Insercao,Livres,24
WorstFit,Insercao,Livres,26
WorstFit,Insercao,Livres,35
WorstFit,Insercao,Livres,27
WorstFit,Insercao,Livres,28
WorstFit,Insercao,Livres,24
WorstFit,Insercao,Livres,24
WorstFit,Insercao,Livres,25
WorstFit,Insercao,Livres,23
WorstFit,Insercao,Livres,28
WorstFit,Insercao,Livres,27
WorstFit,Insercao,Livres,25
WorstFit,Insercao,Livres,21
WorstFit,Insercao,Livres,24
WorstFit,Insercao,Livres,25
WorstFit,Insercao,Livres,31
WorstFit,Insercao,Livres,26
WorstFit,Insercao,Livres,25
WorstFit,Insercao,Livres,32
WorstFit,Insercao,Livres,27
WorstFit,Insercao,Livres,24
WorstFit,Insercao,Livres,24
WorstFit,Insercao,Livres,29
WorstFit,Insercao,Livres,27
WorstFit,Insercao,Livres,24
WorstFit,Insercao,Livres,24
WorstFit,Insercao,Livres,43
WorstFit,Insercao,Livres,26
WorstFit,Insercao,Livres,27
WorstFit,Insercao,Livres,24
WorstFit,Insercao,Livres,26
WorstFit,Insercao,Livres,25
WorstFit,Insercao,Livres,24
WorstFit,Insercao,Livres,32
WorstFit,Insercao,Livres,40
WorstFit,Insercao,Livres,23
WorstFit,Insercao,Livres,33
WorstFit,Insercao,Livres,27
WorstFit,Insercao,Livres,57
WorstFit,Insercao,Livres,23
WorstFit,Insercao,Livres,25
WorstFit,Insercao,Livres,24
