WorstFit,Insercao,Livres,76
WorstFit,Insercao,Livres,52
WorstFit,Insercao,Livres,53
WorstFit,Insercao,Livres,55
WorstFit,Insercao,Livres,54
WorstFit,Insercao,Livres,52
WorstFit,Insercao,Livres,53
WorstFit,Insercao,Livres,54
WorstFit,Insercao,Livres,52
WorstFit,Insercao,Livres,54
WorstFit,Insercao,Livres,52
WorstFit,Insercao,Livres,61
WorstFit,Insercao,Livres,51
WorstFit,Insercao,Livres,51
WorstFit,Insercao,Livres,54
WorstFit,Insercao,Livres,52
WorstFit,Insercao,Livres,54
WorstFit,Insercao,Livres,53
WorstFit,Insercao,Livres,63
WorstFit,Insercao,Livres,56
WorstFit,Insercao,Livres,54
WorstFit,Insercao,Livres,55
WorstFit,Insercao,Livres,53
WorstFit,Insercao,Livres,54
WorstFit,Insercao,Livres,54
WorstFit,Insercao,Livres,56
WorstFit,Insercao,Livres,53
WorstFit,Insercao,Livres,51
WorstFit,Insercao,Livres,55
WorstFit,Insercao,Livres,54
WorstFit,Insercao,Livres,56
WorstFit,Insercao,Livres,54
WorstFit,Insercao,Livres,53
WorstFit,Insercao,Livres,53
WorstFit,Insercao,Livres,55
WorstFit,Insercao,Livres,54
WorstFit,Insercao,Livres,61
WorstFit,Insercao,Livres,54
WorstFit,Insercao,Livres,54
WorstFit,Insercao,Livres,54
WorstFit,Insercao,Livres,121
WorstFit,Insercao,Livres,57
WorstFit,Insercao,Livres,56
WorstFit,Insercao,Livres,54
WorstFit,Insercao,Livres,53
WorstFit,Insercao,Livres,106
WorstFit,Insercao,Livres,55
WorstFit,Insercao,Livres,54
WorstFit,Insercao,Livres,59
WorstFit,Insercao,Livres,57
WorstFit,Insercao,Livres,55
WorstFit,Insercao,Livres,55
WorstFit,Insercao,Livres,58
WorstFit,Insercao,Livres,55
WorstFit,Insercao,Livres,53
WorstFit,Insercao,Livres,54
WorstFit,Insercao,Livres,55
WorstFit,Insercao,Livres,55
WorstFit,Insercao,Livres,54
WorstFit,Insercao,Livres,57
WorstFit,Insercao,Livres,54
WorstFit,Insercao,Livres,53
WorstFit,Insercao,Livres,57
WorstFit,Insercao,Livres,54
WorstFit,Insercao,Livres,52
WorstFit,Insercao,Livres,52
WorstFit,Insercao,Livres,53
WorstFit,Insercao,Livres,54
WorstFit,Insercao,Livres,51
WorstFit,Insercao,Livres,55
WorstFit,Insercao,Livres,57
WorstFit,Insercao,Livres,57
WorstFit,Insercao,Livres,54
WorstFit,Insercao,Livres,56
WorstFit,Insercao,Livres,54
WorstFit,Insercao,Livres,55
WorstFit,Insercao,Livres,54
WorstFit,Insercao,Livres,56
WorstFit,Insercao,Livres,63
WorstFit,Insercao,Livres,91
WorstFit,Insercao,Livres,54
WorstFit,Insercao,Livres,53
WorstFit,Insercao,Livres,80
WorstFit,Insercao,Livres,63
WorstFit,Insercao,Livres,66
WorstFit,Insercao,Livres,53
WorstFit,Insercao,Livres,52
WorstFit,Insercao,Livres,49
WorstFit,Insercao,Livres,50
WorstFit,Insercao,Livres,52
WorstFit,Insercao,Livres,78
WorstFit,Insercao,Livres,50
WorstFit,Insercao,Livres,49
WorstFit,Insercao,Livres,51
WorstFit,Insercao,Livres,55
WorstFit,Insercao,Livres,49
WorstFit,Insercao,Livres,52
WorstFit,Insercao,Livres,53
WorstFit,Insercao,Livres,55
WorstFit,Insercao,Livres,51
WorstFit,Insercao,Livres,52
