BestFit,Insercao,Livres,52
BestFit,Insercao,Livres,52
BestFit,Insercao,Livres,53
BestFit,Insercao,Livres,59
BestFit,Insercao,Livres,55
BestFit,Insercao,Livres,51
BestFit,Insercao,Livres,54
BestFit,Insercao,Livres,52
BestFit,Insercao,Livres,54
BestFit,Insercao,Livres,55
BestFit,Insercao,Livres,51
BestFit,Insercao,Livres,53
BestFit,Insercao,Livres,66
BestFit,Insercao,Livres,59
BestFit,Insercao,Livres,52
BestFit,Insercao,Livres,53
BestFit,Insercao,Livres,52
BestFit,Insercao,Livres,49
BestFit,Insercao,Livres,66
BestFit,Insercao,Livres,53
BestFit,Insercao,Livres,51
BestFit,Insercao,Livres,52
BestFit,Insercao,Livres,51
BestFit,Insercao,Livres,52
BestFit,Insercao,Livres,52
BestFit,Insercao,Livres,91
BestFit,Insercao,Livres,51
BestFit,Insercao,Livres,50
BestFit,Insercao,Livres,86
BestFit,Insercao,Livres,52
BestFit,Insercao,Livres,53
BestFit,Insercao,Livres,52
BestFit,Insercao,Livres,50
BestFit,Insercao,Livres,52
BestFit,Insercao,Livres,50
BestFit,Insercao,Livres,55
BestFit,Insercao,Livres,54
BestFit,Insercao,Livres,64
BestFit,Insercao,Livres,53
BestFit,Insercao,Livres,51
BestFit,Insercao,Livres,53
BestFit,Insercao,Livres,56
BestFit,Insercao,Livres,54
BestFit,Insercao,Livres,51
BestFit,Insercao,Livres,51
BestFit,Insercao,Livres,52
BestFit,Insercao,Livres,57
BestFit,Insercao,Livres,54
BestFit,Insercao,Livres,53
BestFit,Insercao,Livres,50
BestFit,Insercao,Livres,52
BestFit,Insercao,Livres,54
BestFit,Insercao,Livres,54
BestFit,Insercao,Livres,52
BestFit,Insercao,Livres,53
BestFit,Insercao,Livres,52
BestFit,Insercao,Livres,52
BestFit,Insercao,Livres,51
BestFit,Insercao,Livres,49
BestFit,Insercao,Livres,53
BestFit,Insercao,Livres,54
BestFit,Insercao,Livres,53
BestFit,Insercao,Livres,54
BestFit,Insercao,Livres,52
BestFit,Insercao,Livres,53
BestFit,Insercao,Livres,52
BestFit,Insercao,Livres,53
BestFit,Insercao,Livres,52
BestFit,Insercao,Livres,72
BestFit,Insercao,Livres,53
BestFit,Insercao,Livres,50
BestFit,Insercao,Livres,53
BestFit,Insercao,Livres,52
BestFit,Insercao,Livres,49
BestFit,Insercao,Livres,52
BestFit,Insercao,Livres,61
BestFit,Insercao,Livres,52
BestFit,Insercao,Livres,53
BestFit,Insercao,Livres,77
BestFit,Insercao,Livres,51
BestFit,Insercao,Livres,56
BestFit,Insercao,Livres,75
BestFit,Insercao,Livres,52
BestFit,Insercao,Livres,52
BestFit,Insercao,Livres,63
BestFit,Insercao,Livres,52
BestFit,Insercao,Livres,54
BestFit,Insercao,Livres,78
BestFit,Insercao,Livres,51
BestFit,Insercao,Livres,54
BestFit,Insercao,Livres,61
BestFit,Insercao,Livres,55
BestFit,Insercao,Livres,54
BestFit,Insercao,Livres,128
BestFit,Insercao,Livres,54
BestFit,Insercao,Livres,54
BestFit,Insercao,Livres,52
BestFit,Insercao,Livres,52
BestFit,Insercao,Livres,56
BestFit,Insercao,Livres,53
BestFit,Insercao,Livres,51
