BestFit,Insercao,Livres Ordenados,43
BestFit,Insercao,Livres Ordenados,48
BestFit,Insercao,Livres Ordenados,44
BestFit,Insercao,Livres Ordenados,35
BestFit,Insercao,Livres Ordenados,44
BestFit,Insercao,Livres Ordenados,39
BestFit,Insercao,Livres Ordenados,49
BestFit,Insercao,Livres Ordenados,38
BestFit,Insercao,Livres Ordenados,46
BestFit,Insercao,Livres Ordenados,43
BestFit,Insercao,Livres Ordenados,43
BestFit,Insercao,Livres Ordenados,41
BestFit,Insercao,Livres Ordenados,38
BestFit,Insercao,Livres Ordenados,53
BestFit,Insercao,Livres Ordenados,41
BestFit,Insercao,Livres Ordenados,41
BestFit,Insercao,Livres Ordenados,42
BestFit,Insercao,Livres Ordenados,172
BestFit,Insercao,Livres Ordenados,46
BestFit,Insercao,Livres Ordenados,36
BestFit,Insercao,Livres Ordenados,37
BestFit,Insercao,Livres Ordenados,41
BestFit,Insercao,Livres Ordenados,44
BestFit,Insercao,Livres Ordenados,45
BestFit,Insercao,Livres Ordenados,43
BestFit,Insercao,Livres Ordenados,47
BestFit,Insercao,Livres Ordenados,47
BestFit,Insercao,Livres Ordenados,40
BestFit,Insercao,Livres Ordenados,80
BestFit,Insercao,Livres Ordenados,70
BestFit,Insercao,Livres Ordenados,41
BestFit,Insercao,Livres Ordenados,45
BestFit,Insercao,Livres Ordenados,36
BestFit,Insercao,Livres Ordenados,46
BestFit,Insercao,Livres Ordenados,37
BestFit,Insercao,Livres Ordenados,42
BestFit,Insercao,Livres Ordenados,46
BestFit,Insercao,Livres Ordenados,42
BestFit,Insercao,Livres Ordenados,43
BestFit,Insercao,Livres Ordenados,41
BestFit,Insercao,Livres Ordenados,74
BestFit,Insercao,Livres Ordenados,45
BestFit,Insercao,Livres Ordenados,40
BestFit,Insercao,Livres Ordenados,40
BestFit,Insercao,Livres Ordenados,43
BestFit,Insercao,Livres Ordenados,39
BestFit,Insercao,Livres Ordenados,44
BestFit,Insercao,Livres Ordenados,43
BestFit,Insercao,Livres Ordenados,44
BestFit,Insercao,Livres Ordenados,49
BestFit,Insercao,Livres Ordenados,40
BestFit,Insercao,Livres Ordenados,42
BestFit,Insercao,Livres Ordenados,44
BestFit,Insercao,Livres Ordenados,43
BestFit,Insercao,Livres Ordenados,37
BestFit,Insercao,Livres Ordenados,40
BestFit,Insercao,Livres Ordenados,35
BestFit,Insercao,Livres Ordenados,43
BestFit,Insercao,Livres Ordenados,41
BestFit,Insercao,Livres Ordenados,42
BestFit,Insercao,Livres Ordenados,38
BestFit,Insercao,Livres Ordenados,42
BestFit,Insercao,Livres Ordenados,37
BestFit,Insercao,Livres Ordenados,43
BestFit,Insercao,Livres Ordenados,47
BestFit,Insercao,Livres Ordenados,38
BestFit,Insercao,Livres Ordenados,66
BestFit,Insercao,Livres Ordenados,44
BestFit,Insercao,Livres Ordenados,64
BestFit,Insercao,Livres Ordenados,36
BestFit,Insercao,Livres Ordenados,40
BestFit,Insercao,Livres Ordenados,36
BestFit,Insercao,Livres Ordenados,46
BestFit,Insercao,Livres Ordenados,43
BestFit,Insercao,Livres Ordenados,46
BestFit,Insercao,Livres Ordenados,39
BestFit,Insercao,Livres Ordenados,36
BestFit,Insercao,Livres Ordenados,41
BestFit,Insercao,Livres Ordenados,39
BestFit,Insercao,Livres Ordenados,40
BestFit,Insercao,Livres Ordenados,42
BestFit,Insercao,Livres Ordenados,43
BestFit,Insercao,Livres Ordenados,43
BestFit,Insercao,Livres Ordenados,39
BestFit,Insercao,Livres Ordenados,43
BestFit,Insercao,Livres Ordenados,40
BestFit,Insercao,Livres Ordenados,41
BestFit,Insercao,Livres Ordenados,37
BestFit,Insercao,Livres Ordenados,61
BestFit,Insercao,Livres Ordenados,46
BestFit,Insercao,Livres Ordenados,38
BestFit,Insercao,Livres Ordenados,40
BestFit,Insercao,Livres Ordenados,45
BestFit,Insercao,Livres Ordenados,43
BestFit,Insercao,Livres Ordenados,43
BestFit,Insercao,Livres Ordenados,42
BestFit,Insercao,Livres Ordenados,43
BestFit,Insercao,Livres Ordenados,39
BestFit,Insercao,Livres Ordenados,44
BestFit,Insercao,Livres Ordenados,42
BestFit,Insercao,Livres Ordenados,45
