BestFit,Insercao,Livres Ordenados,16
BestFit,Insercao,Livres Ordenados,16
BestFit,Insercao,Livres Ordenados,16
BestFit,Insercao,Livres Ordenados,9
BestFit,Insercao,Livres Ordenados,16
BestFit,Insercao,Livres Ordenados,13
BestFit,Insercao,Livres Ordenados,15
BestFit,Insercao,Livres Ordenados,11
BestFit,Insercao,Livres Ordenados,17
BestFit,Insercao,Livres Ordenados,14
BestFit,Insercao,Livres Ordenados,14
BestFit,Insercao,Livres Ordenados,13
BestFit,Insercao,Livres Ordenados,13
BestFit,Insercao,Livres Ordenados,17
BestFit,Insercao,Livres Ordenados,14
BestFit,Insercao,Livres Ordenados,14
BestFit,Insercao,Livres Ordenados,15
BestFit,Insercao,Livres Ordenados,11
BestFit,Insercao,Livres Ordenados,16
BestFit,Insercao,Livres Ordenados,12
BestFit,Insercao,Livres Ordenados,11
BestFit,Insercao,Livres Ordenados,16
BestFit,Insercao,Livres Ordenados,16
BestFit,Insercao,Livres Ordenados,16
BestFit,Insercao,Livres Ordenados,17
BestFit,Insercao,Livres Ordenados,14
BestFit,Insercao,Livres Ordenados,15
BestFit,Insercao,Livres Ordenados,10
BestFit,Insercao,Livres Ordenados,10
BestFit,Insercao,Livres Ordenados,121
BestFit,Insercao,Livres Ordenados,12
BestFit,Insercao,Livres Ordenados,13
BestFit,Insercao,Livres Ordenados,13
BestFit,Insercao,Livres Ordenados,15
BestFit,Insercao,Livres Ordenados,11
BestFit,Insercao,Livres Ordenados,13
BestFit,Insercao,Livres Ordenados,16
BestFit,Insercao,Livres Ordenados,13
BestFit,Insercao,Livres Ordenados,15
BestFit,Insercao,Livres Ordenados,12
BestFit,Insercao,Livres Ordenados,14
BestFit,Insercao,Livres Ordenados,16
BestFit,Insercao,Livres Ordenados,14
BestFit,Insercao,Livres Ordenados,17
BestFit,Insercao,Livres Ordenados,13
BestFit,Insercao,Livres Ordenados,11
BestFit,Insercao,Livres Ordenados,18
BestFit,Insercao,Livres Ordenados,13
BestFit,Insercao,Livres Ordenados,14
BestFit,Insercao,Livres Ordenados,16
BestFit,Insercao,Livres Ordenados,12
BestFit,Insercao,Livres Ordenados,14
BestFit,Insercao,Livres Ordenados,13
BestFit,Insercao,Livres Ordenados,15
BestFit,Insercao,Livres Ordenados,11
BestFit,Insercao,Livres Ordenados,13
BestFit,Insercao,Livres Ordenados,10
BestFit,Insercao,Livres Ordenados,14
BestFit,Insercao,Livres Ordenados,12
BestFit,Insercao,Livres Ordenados,13
BestFit,Insercao,Livres Ordenados,25
BestFit,Insercao,Livres Ordenados,12
BestFit,Insercao,Livres Ordenados,8
BestFit,Insercao,Livres Ordenados,12
BestFit,Insercao,Livres Ordenados,16
BestFit,Insercao,Livres Ordenados,11
BestFit,Insercao,Livres Ordenados,9
BestFit,Insercao,Livres Ordenados,14
BestFit,Insercao,Livres Ordenados,10
BestFit,Insercao,Livres Ordenados,3
BestFit,Insercao,Livres Ordenados,7
BestFit,Insercao,Livres Ordenados,5
BestFit,Insercao,Livres Ordenados,19
BestFit,Insercao,Livres Ordenados,13
BestFit,Insercao,Livres Ordenados,13
BestFit,Insercao,Livres Ordenados,18
BestFit,Insercao,Livres Ordenados,10
BestFit,Insercao,Livres Ordenados,4
BestFit,Insercao,Livres Ordenados,11
BestFit,Insercao,Livres Ordenados,12
BestFit,Insercao,Livres Ordenados,13
BestFit,Insercao,Livres Ordenados,14
BestFit,Insercao,Livres Ordenados,12
BestFit,Insercao,Livres Ordenados,11
BestFit,Insercao,Livres Ordenados,12
BestFit,Insercao,Livres Ordenados,11
BestFit,Insercao,Livres Ordenados,12
BestFit,Insercao,Livres Ordenados,27
BestFit,Insercao,Livres Ordenados,11
BestFit,Insercao,Livres Ordenados,11
BestFit,Insercao,Livres Ordenados,11
BestFit,Insercao,Livres Ordenados,6
BestFit,Insercao,Livres Ordenados,11
BestFit,Insercao,Livres Ordenados,13
BestFit,Insercao,Livres Ordenados,13
BestFit,Insercao,Livres Ordenados,34
BestFit,Insercao,Livres Ordenados,11
BestFit,Insercao,Livres Ordenados,12
BestFit,Insercao,Livres Ordenados,10
BestFit,Insercao,Livres Ordenados,11
BestFit,Insercao,Livres Ordenados,18
