BestFit,Insercao,Livres Ordenados,43
BestFit,Insercao,Livres Ordenados,44
BestFit,Insercao,Livres Ordenados,40
BestFit,Insercao,Livres Ordenados,32
BestFit,Insercao,Livres Ordenados,43
BestFit,Insercao,Livres Ordenados,35
BestFit,Insercao,Livres Ordenados,42
BestFit,Insercao,Livres Ordenados,35
BestFit,Insercao,Livres Ordenados,45
BestFit,Insercao,Livres Ordenados,44
BestFit,Insercao,Livres Ordenados,42
BestFit,Insercao,Livres Ordenados,43
BestFit,Insercao,Livres Ordenados,38
BestFit,Insercao,Livres Ordenados,45
BestFit,Insercao,Livres Ordenados,40
BestFit,Insercao,Livres Ordenados,40
BestFit,Insercao,Livres Ordenados,38
BestFit,Insercao,Livres Ordenados,36
BestFit,Insercao,Livres Ordenados,41
BestFit,Insercao,Livres Ordenados,37
BestFit,Insercao,Livres Ordenados,42
BestFit,Insercao,Livres Ordenados,40
BestFit,Insercao,Livres Ordenados,44
BestFit,Insercao,Livres Ordenados,45
BestFit,Insercao,Livres Ordenados,52
BestFit,Insercao,Livres Ordenados,37
BestFit,Insercao,Livres Ordenados,45
BestFit,Insercao,Livres Ordenados,33
BestFit,Insercao,Livres Ordenados,42
BestFit,Insercao,Livres Ordenados,36
BestFit,Insercao,Livres Ordenados,38
BestFit,Insercao,Livres Ordenados,76
BestFit,Insercao,Livres Ordenados,38
BestFit,Insercao,Livres Ordenados,42
BestFit,Insercao,Livres Ordenados,36
BestFit,Insercao,Livres Ordenados,42
BestFit,Insercao,Livres Ordenados,48
BestFit,Insercao,Livres Ordenados,44
BestFit,Insercao,Livres Ordenados,54
BestFit,Insercao,Livres Ordenados,43
BestFit,Insercao,Livres Ordenados,43
BestFit,Insercao,Livres Ordenados,44
BestFit,Insercao,Livres Ordenados,43
BestFit,Insercao,Livres Ordenados,42
BestFit,Insercao,Livres Ordenados,41
BestFit,Insercao,Livres Ordenados,39
BestFit,Insercao,Livres Ordenados,45
BestFit,Insercao,Livres Ordenados,45
BestFit,Insercao,Livres Ordenados,46
BestFit,Insercao,Livres Ordenados,61
BestFit,Insercao,Livres Ordenados,38
BestFit,Insercao,Livres Ordenados,49
BestFit,Insercao,Livres Ordenados,47
BestFit,Insercao,Livres Ordenados,43
BestFit,Insercao,Livres Ordenados,37
BestFit,Insercao,Livres Ordenados,46
BestFit,Insercao,Livres Ordenados,35
BestFit,Insercao,Livres Ordenados,46
BestFit,Insercao,Livres Ordenados,44
BestFit,Insercao,Livres Ordenados,41
BestFit,Insercao,Livres Ordenados,38
BestFit,Insercao,Livres Ordenados,43
BestFit,Insercao,Livres Ordenados,39
BestFit,Insercao,Livres Ordenados,44
BestFit,Insercao,Livres Ordenados,46
BestFit,Insercao,Livres Ordenados,35
BestFit,Insercao,Livres Ordenados,43
BestFit,Insercao,Livres Ordenados,48
BestFit,Insercao,Livres Ordenados,39
BestFit,Insercao,Livres Ordenados,48
BestFit,Insercao,Livres Ordenados,37
BestFit,Insercao,Livres Ordenados,36
BestFit,Insercao,Livres Ordenados,47
BestFit,Insercao,Livres Ordenados,47
BestFit,Insercao,Livres Ordenados,48
BestFit,Insercao,Livres Ordenados,43
BestFit,Insercao,Livres Ordenados,34
BestFit,Insercao,Livres Ordenados,40
BestFit,Insercao,Livres Ordenados,48
BestFit,Insercao,Livres Ordenados,41
BestFit,Insercao,Livres Ordenados,37
BestFit,Insercao,Livres Ordenados,42
BestFit,Insercao,Livres Ordenados,43
BestFit,Insercao,Livres Ordenados,38
BestFit,Insercao,Livres Ordenados,37
BestFit,Insercao,Livres Ordenados,41
BestFit,Insercao,Livres Ordenados,38
BestFit,Insercao,Livres Ordenados,37
BestFit,Insercao,Livres Ordenados,80
BestFit,Insercao,Livres Ordenados,40
BestFit,Insercao,Livres Ordenados,35
BestFit,Insercao,Livres Ordenados,38
BestFit,Insercao,Livres Ordenados,39
BestFit,Insercao,Livres Ordenados,59
BestFit,Insercao,Livres Ordenados,48
BestFit,Insercao,Livres Ordenados,47
BestFit,Insercao,Livres Ordenados,44
BestFit,Insercao,Livres Ordenados,60
BestFit,Insercao,Livres Ordenados,72
BestFit,Insercao,Livres Ordenados,41
BestFit,Insercao,Livres Ordenados,41
