FirstFit,Insercao,Livres Ocupados,6
FirstFit,Insercao,Livres Ocupados,10
FirstFit,Insercao,Livres Ocupados,8
FirstFit,Insercao,Livres Ocupados,99
FirstFit,Insercao,Livres Ocupados,10
FirstFit,Insercao,Livres Ocupados,11
FirstFit,Insercao,Livres Ocupados,7
FirstFit,Insercao,Livres Ocupados,63
FirstFit,Insercao,Livres Ocupados,3
FirstFit,Insercao,Livres Ocupados,10
FirstFit,Insercao,Livres Ocupados,20
FirstFit,Insercao,Livres Ocupados,19
FirstFit,Insercao,Livres Ocupados,58
FirstFit,Insercao,Livres Ocupados,9
FirstFit,Insercao,Livres Ocupados,24
FirstFit,Insercao,Livres Ocupados,73
FirstFit,Insercao,Livres Ocupados,75
FirstFit,Insercao,Livres Ocupados,115
FirstFit,Insercao,Livres Ocupados,21
FirstFit,Insercao,Livres Ocupados,86
FirstFit,Insercao,Livres Ocupados,79
FirstFit,Insercao,Livres Ocupados,55
FirstFit,Insercao,Livres Ocupados,21
FirstFit,Insercao,Livres Ocupados,13
FirstFit,Insercao,Livres Ocupados,16
FirstFit,Insercao,Livres Ocupados,120
FirstFit,Insercao,Livres Ocupados,24
FirstFit,Insercao,Livres Ocupados,121
FirstFit,Insercao,Livres Ocupados,29
FirstFit,Insercao,Livres Ocupados,150
FirstFit,Insercao,Livres Ocupados,103
FirstFit,Insercao,Livres Ocupados,29
FirstFit,Insercao,Livres Ocupados,152
FirstFit,Insercao,Livres Ocupados,39
FirstFit,Insercao,Livres Ocupados,211
FirstFit,Insercao,Livres Ocupados,33
FirstFit,Insercao,Livres Ocupados,47
FirstFit,Insercao,Livres Ocupados,49
FirstFit,Insercao,Livres Ocupados,35
FirstFit,Insercao,Livres Ocupados,51
FirstFit,Insercao,Livres Ocupados,89
FirstFit,Insercao,Livres Ocupados,45
FirstFit,Insercao,Livres Ocupados,52
FirstFit,Insercao,Livres Ocupados,112
FirstFit,Insercao,Livres Ocupados,165
FirstFit,Insercao,Livres Ocupados,204
FirstFit,Insercao,Livres Ocupados,78
FirstFit,Insercao,Livres Ocupados,48
FirstFit,Insercao,Livres Ocupados,59
FirstFit,Insercao,Livres Ocupados,9
FirstFit,Insercao,Livres Ocupados,199
FirstFit,Insercao,Livres Ocupados,77
FirstFit,Insercao,Livres Ocupados,15
FirstFit,Insercao,Livres Ocupados,50
FirstFit,Insercao,Livres Ocupados,213
FirstFit,Insercao,Livres Ocupados,112
FirstFit,Insercao,Livres Ocupados,226
FirstFit,Insercao,Livres Ocupados,62
FirstFit,Insercao,Livres Ocupados,153
FirstFit,Insercao,Livres Ocupados,200
FirstFit,Insercao,Livres Ocupados,192
FirstFit,Insercao,Livres Ocupados,80
FirstFit,Insercao,Livres Ocupados,214
FirstFit,Insercao,Livres Ocupados,85
FirstFit,Insercao,Livres Ocupados,22
FirstFit,Insercao,Livres Ocupados,227
FirstFit,Insercao,Livres Ocupados,42
FirstFit,Insercao,Livres Ocupados,59
FirstFit,Insercao,Livres Ocupados,244
FirstFit,Insercao,Livres Ocupados,306
FirstFit,Insercao,Livres Ocupados,76
FirstFit,Insercao,Livres Ocupados,85
FirstFit,Insercao,Livres Ocupados,89
FirstFit,Insercao,Livres Ocupados,139
FirstFit,Insercao,Livres Ocupados,278
FirstFit,Insercao,Livres Ocupados,286
FirstFit,Insercao,Livres Ocupados,159
FirstFit,Insercao,Livres Ocupados,106
FirstFit,Insercao,Livres Ocupados,31
FirstFit,Insercao,Livres Ocupados,87
FirstFit,Insercao,Livres Ocupados,166
FirstFit,Insercao,Livres Ocupados,182
FirstFit,Insercao,Livres Ocupados,174
FirstFit,Insercao,Livres Ocupados,186
FirstFit,Insercao,Livres Ocupados,107
FirstFit,Insercao,Livres Ocupados,188
FirstFit,Insercao,Livres Ocupados,224
FirstFit,Insercao,Livres Ocupados,272
FirstFit,Insercao,Livres Ocupados,149
FirstFit,Insercao,Livres Ocupados,123
FirstFit,Insercao,Livres Ocupados,133
FirstFit,Insercao,Livres Ocupados,134
FirstFit,Insercao,Livres Ocupados,199
FirstFit,Insercao,Livres Ocupados,34
FirstFit,Insercao,Livres Ocupados,185
FirstFit,Insercao,Livres Ocupados,37
