FirstFit,Insercao,Livres Ocupados,24
FirstFit,Insercao,Livres Ocupados,8
FirstFit,Insercao,Livres Ocupados,12
FirstFit,Insercao,Livres Ocupados,58
FirstFit,Insercao,Livres Ocupados,17
FirstFit,Insercao,Livres Ocupados,31
FirstFit,Insercao,Livres Ocupados,28
FirstFit,Insercao,Livres Ocupados,44
FirstFit,Insercao,Livres Ocupados,7
FirstFit,Insercao,Livres Ocupados,34
FirstFit,Insercao,Livres Ocupados,42
FirstFit,Insercao,Livres Ocupados,41
FirstFit,Insercao,Livres Ocupados,96
FirstFit,Insercao,Livres Ocupados,11
FirstFit,Insercao,Livres Ocupados,47
FirstFit,Insercao,Livres Ocupados,55
FirstFit,Insercao,Livres Ocupados,56
FirstFit,Insercao,Livres Ocupados,101
FirstFit,Insercao,Livres Ocupados,42
FirstFit,Insercao,Livres Ocupados,127
FirstFit,Insercao,Livres Ocupados,143
FirstFit,Insercao,Livres Ocupados,74
FirstFit,Insercao,Livres Ocupados,16
FirstFit,Insercao,Livres Ocupados,14
FirstFit,Insercao,Livres Ocupados,23
FirstFit,Insercao,Livres Ocupados,142
FirstFit,Insercao,Livres Ocupados,34
FirstFit,Insercao,Livres Ocupados,273
FirstFit,Insercao,Livres Ocupados,70
FirstFit,Insercao,Livres Ocupados,164
FirstFit,Insercao,Livres Ocupados,96
FirstFit,Insercao,Livres Ocupados,43
FirstFit,Insercao,Livres Ocupados,260
FirstFit,Insercao,Livres Ocupados,53
FirstFit,Insercao,Livres Ocupados,157
FirstFit,Insercao,Livres Ocupados,60
FirstFit,Insercao,Livres Ocupados,36
FirstFit,Insercao,Livres Ocupados,83
FirstFit,Insercao,Livres Ocupados,60
FirstFit,Insercao,Livres Ocupados,155
FirstFit,Insercao,Livres Ocupados,96
FirstFit,Insercao,Livres Ocupados,49
FirstFit,Insercao,Livres Ocupados,92
FirstFit,Insercao,Livres Ocupados,99
FirstFit,Insercao,Livres Ocupados,91
FirstFit,Insercao,Livres Ocupados,205
FirstFit,Insercao,Livres Ocupados,88
FirstFit,Insercao,Livres Ocupados,70
FirstFit,Insercao,Livres Ocupados,77
FirstFit,Insercao,Livres Ocupados,16
FirstFit,Insercao,Livres Ocupados,223
FirstFit,Insercao,Livres Ocupados,95
FirstFit,Insercao,Livres Ocupados,23
FirstFit,Insercao,Livres Ocupados,74
FirstFit,Insercao,Livres Ocupados,211
FirstFit,Insercao,Livres Ocupados,108
FirstFit,Insercao,Livres Ocupados,102
FirstFit,Insercao,Livres Ocupados,104
FirstFit,Insercao,Livres Ocupados,109
FirstFit,Insercao,Livres Ocupados,211
FirstFit,Insercao,Livres Ocupados,117
FirstFit,Insercao,Livres Ocupados,224
FirstFit,Insercao,Livres Ocupados,106
FirstFit,Insercao,Livres Ocupados,58
FirstFit,Insercao,Livres Ocupados,213
FirstFit,Insercao,Livres Ocupados,71
FirstFit,Insercao,Livres Ocupados,89
FirstFit,Insercao,Livres Ocupados,220
FirstFit,Insercao,Livres Ocupados,252
FirstFit,Insercao,Livres Ocupados,91
FirstFit,Insercao,Livres Ocupados,99
FirstFit,Insercao,Livres Ocupados,107
FirstFit,Insercao,Livres Ocupados,105
FirstFit,Insercao,Livres Ocupados,441
FirstFit,Insercao,Livres Ocupados,113
FirstFit,Insercao,Livres Ocupados,110
FirstFit,Insercao,Livres Ocupados,132
FirstFit,Insercao,Livres Ocupados,71
FirstFit,Insercao,Livres Ocupados,102
FirstFit,Insercao,Livres Ocupados,160
FirstFit,Insercao,Livres Ocupados,158
FirstFit,Insercao,Livres Ocupados,125
FirstFit,Insercao,Livres Ocupados,214
FirstFit,Insercao,Livres Ocupados,270
FirstFit,Insercao,Livres Ocupados,119
FirstFit,Insercao,Livres Ocupados,163
FirstFit,Insercao,Livres Ocupados,278
FirstFit,Insercao,Livres Ocupados,250
FirstFit,Insercao,Livres Ocupados,254
FirstFit,Insercao,Livres Ocupados,100
FirstFit,Insercao,Livres Ocupados,103
FirstFit,Insercao,Livres Ocupados,109
FirstFit,Insercao,Livres Ocupados,115
FirstFit,Insercao,Livres Ocupados,181
FirstFit,Insercao,Livres Ocupados,74
FirstFit,Insercao,Livres Ocupados,114
FirstFit,Insercao,Livres Ocupados,90
