FirstFit,Insercao,Livres Ocupados,5
FirstFit,Insercao,Livres Ocupados,2
FirstFit,Insercao,Livres Ocupados,6
FirstFit,Insercao,Livres Ocupados,15
FirstFit,Insercao,Livres Ocupados,3
FirstFit,Insercao,Livres Ocupados,5
FirstFit,Insercao,Livres Ocupados,6
FirstFit,Insercao,Livres Ocupados,49
FirstFit,Insercao,Livres Ocupados,8
FirstFit,Insercao,Livres Ocupados,13
FirstFit,Insercao,Livres Ocupados,16
FirstFit,Insercao,Livres Ocupados,26
FirstFit,Insercao,Livres Ocupados,40
FirstFit,Insercao,Livres Ocupados,7
FirstFit,Insercao,Livres Ocupados,49
FirstFit,Insercao,Livres Ocupados,49
FirstFit,Insercao,Livres Ocupados,51
FirstFit,Insercao,Livres Ocupados,92
FirstFit,Insercao,Livres Ocupados,7
FirstFit,Insercao,Livres Ocupados,63
FirstFit,Insercao,Livres Ocupados,69
FirstFit,Insercao,Livres Ocupados,53
FirstFit,Insercao,Livres Ocupados,10
FirstFit,Insercao,Livres Ocupados,8
FirstFit,Insercao,Livres Ocupados,9
FirstFit,Insercao,Livres Ocupados,68
FirstFit,Insercao,Livres Ocupados,16
FirstFit,Insercao,Livres Ocupados,221
FirstFit,Insercao,Livres Ocupados,73
FirstFit,Insercao,Livres Ocupados,69
FirstFit,Insercao,Livres Ocupados,61
FirstFit,Insercao,Livres Ocupados,16
FirstFit,Insercao,Livres Ocupados,215
FirstFit,Insercao,Livres Ocupados,24
FirstFit,Insercao,Livres Ocupados,76
FirstFit,Insercao,Livres Ocupados,29
FirstFit,Insercao,Livres Ocupados,11
FirstFit,Insercao,Livres Ocupados,32
FirstFit,Insercao,Livres Ocupados,32
FirstFit,Insercao,Livres Ocupados,56
FirstFit,Insercao,Livres Ocupados,73
FirstFit,Insercao,Livres Ocupados,13
FirstFit,Insercao,Livres Ocupados,53
FirstFit,Insercao,Livres Ocupados,70
FirstFit,Insercao,Livres Ocupados,67
FirstFit,Insercao,Livres Ocupados,110
FirstFit,Insercao,Livres Ocupados,42
FirstFit,Insercao,Livres Ocupados,12
FirstFit,Insercao,Livres Ocupados,45
FirstFit,Insercao,Livres Ocupados,9
FirstFit,Insercao,Livres Ocupados,101
FirstFit,Insercao,Livres Ocupados,52
FirstFit,Insercao,Livres Ocupados,16
FirstFit,Insercao,Livres Ocupados,30
FirstFit,Insercao,Livres Ocupados,190
FirstFit,Insercao,Livres Ocupados,96
FirstFit,Insercao,Livres Ocupados,262
FirstFit,Insercao,Livres Ocupados,56
FirstFit,Insercao,Livres Ocupados,98
FirstFit,Insercao,Livres Ocupados,116
FirstFit,Insercao,Livres Ocupados,168
FirstFit,Insercao,Livres Ocupados,107
FirstFit,Insercao,Livres Ocupados,190
FirstFit,Insercao,Livres Ocupados,63
FirstFit,Insercao,Livres Ocupados,18
FirstFit,Insercao,Livres Ocupados,141
FirstFit,Insercao,Livres Ocupados,26
FirstFit,Insercao,Livres Ocupados,29
FirstFit,Insercao,Livres Ocupados,168
FirstFit,Insercao,Livres Ocupados,254
FirstFit,Insercao,Livres Ocupados,31
FirstFit,Insercao,Livres Ocupados,51
FirstFit,Insercao,Livres Ocupados,77
FirstFit,Insercao,Livres Ocupados,100
FirstFit,Insercao,Livres Ocupados,207
FirstFit,Insercao,Livres Ocupados,119
FirstFit,Insercao,Livres Ocupados,112
FirstFit,Insercao,Livres Ocupados,94
FirstFit,Insercao,Livres Ocupados,34
FirstFit,Insercao,Livres Ocupados,80
FirstFit,Insercao,Livres Ocupados,114
FirstFit,Insercao,Livres Ocupados,176
FirstFit,Insercao,Livres Ocupados,167
FirstFit,Insercao,Livres Ocupados,323
FirstFit,Insercao,Livres Ocupados,228
FirstFit,Insercao,Livres Ocupados,154
FirstFit,Insercao,Livres Ocupados,183
FirstFit,Insercao,Livres Ocupados,230
FirstFit,Insercao,Livres Ocupados,201
FirstFit,Insercao,Livres Ocupados,233
FirstFit,Insercao,Livres Ocupados,111
FirstFit,Insercao,Livres Ocupados,109
FirstFit,Insercao,Livres Ocupados,148
FirstFit,Insercao,Livres Ocupados,153
FirstFit,Insercao,Livres Ocupados,204
FirstFit,Insercao,Livres Ocupados,46
FirstFit,Insercao,Livres Ocupados,209
FirstFit,Insercao,Livres Ocupados,44
