FirstFit,Insercao,Livres Ocupados,14
FirstFit,Insercao,Livres Ocupados,5
FirstFit,Insercao,Livres Ocupados,10
FirstFit,Insercao,Livres Ocupados,74
FirstFit,Insercao,Livres Ocupados,13
FirstFit,Insercao,Livres Ocupados,26
FirstFit,Insercao,Livres Ocupados,18
FirstFit,Insercao,Livres Ocupados,28
FirstFit,Insercao,Livres Ocupados,6
FirstFit,Insercao,Livres Ocupados,15
FirstFit,Insercao,Livres Ocupados,17
FirstFit,Insercao,Livres Ocupados,23
FirstFit,Insercao,Livres Ocupados,38
FirstFit,Insercao,Livres Ocupados,6
FirstFit,Insercao,Livres Ocupados,35
FirstFit,Insercao,Livres Ocupados,36
FirstFit,Insercao,Livres Ocupados,39
FirstFit,Insercao,Livres Ocupados,47
FirstFit,Insercao,Livres Ocupados,41
FirstFit,Insercao,Livres Ocupados,46
FirstFit,Insercao,Livres Ocupados,58
FirstFit,Insercao,Livres Ocupados,42
FirstFit,Insercao,Livres Ocupados,10
FirstFit,Insercao,Livres Ocupados,10
FirstFit,Insercao,Livres Ocupados,9
FirstFit,Insercao,Livres Ocupados,73
FirstFit,Insercao,Livres Ocupados,36
FirstFit,Insercao,Livres Ocupados,79
FirstFit,Insercao,Livres Ocupados,51
FirstFit,Insercao,Livres Ocupados,81
FirstFit,Insercao,Livres Ocupados,70
FirstFit,Insercao,Livres Ocupados,39
FirstFit,Insercao,Livres Ocupados,110
FirstFit,Insercao,Livres Ocupados,43
FirstFit,Insercao,Livres Ocupados,89
FirstFit,Insercao,Livres Ocupados,53
FirstFit,Insercao,Livres Ocupados,20
FirstFit,Insercao,Livres Ocupados,67
FirstFit,Insercao,Livres Ocupados,70
FirstFit,Insercao,Livres Ocupados,83
FirstFit,Insercao,Livres Ocupados,70
FirstFit,Insercao,Livres Ocupados,23
FirstFit,Insercao,Livres Ocupados,73
FirstFit,Insercao,Livres Ocupados,121
FirstFit,Insercao,Livres Ocupados,105
FirstFit,Insercao,Livres Ocupados,93
FirstFit,Insercao,Livres Ocupados,84
FirstFit,Insercao,Livres Ocupados,36
FirstFit,Insercao,Livres Ocupados,41
FirstFit,Insercao,Livres Ocupados,7
FirstFit,Insercao,Livres Ocupados,99
FirstFit,Insercao,Livres Ocupados,82
FirstFit,Insercao,Livres Ocupados,7
FirstFit,Insercao,Livres Ocupados,82
FirstFit,Insercao,Livres Ocupados,103
FirstFit,Insercao,Livres Ocupados,124
FirstFit,Insercao,Livres Ocupados,127
FirstFit,Insercao,Livres Ocupados,48
FirstFit,Insercao,Livres Ocupados,107
FirstFit,Insercao,Livres Ocupados,112
FirstFit,Insercao,Livres Ocupados,132
FirstFit,Insercao,Livres Ocupados,90
FirstFit,Insercao,Livres Ocupados,167
FirstFit,Insercao,Livres Ocupados,66
FirstFit,Insercao,Livres Ocupados,13
FirstFit,Insercao,Livres Ocupados,136
FirstFit,Insercao,Livres Ocupados,16
FirstFit,Insercao,Livres Ocupados,54
FirstFit,Insercao,Livres Ocupados,169
FirstFit,Insercao,Livres Ocupados,174
FirstFit,Insercao,Livres Ocupados,143
FirstFit,Insercao,Livres Ocupados,241
FirstFit,Insercao,Livres Ocupados,52
FirstFit,Insercao,Livres Ocupados,60
FirstFit,Insercao,Livres Ocupados,88
FirstFit,Insercao,Livres Ocupados,105
FirstFit,Insercao,Livres Ocupados,192
FirstFit,Insercao,Livres Ocupados,169
FirstFit,Insercao,Livres Ocupados,110
FirstFit,Insercao,Livres Ocupados,140
FirstFit,Insercao,Livres Ocupados,97
FirstFit,Insercao,Livres Ocupados,32
FirstFit,Insercao,Livres Ocupados,68
FirstFit,Insercao,Livres Ocupados,149
FirstFit,Insercao,Livres Ocupados,149
FirstFit,Insercao,Livres Ocupados,106
FirstFit,Insercao,Livres Ocupados,159
FirstFit,Insercao,Livres Ocupados,188
FirstFit,Insercao,Livres Ocupados,101
FirstFit,Insercao,Livres Ocupados,158
FirstFit,Insercao,Livres Ocupados,225
FirstFit,Insercao,Livres Ocupados,177
FirstFit,Insercao,Livres Ocupados,184
FirstFit,Insercao,Livres Ocupados,86
FirstFit,Insercao,Livres Ocupados,96
FirstFit,Insercao,Livres Ocupados,126
FirstFit,Insercao,Livres Ocupados,98
FirstFit,Insercao,Livres Ocupados,206
FirstFit,Insercao,Livres Ocupados,36
FirstFit,Insercao,Livres Ocupados,110
FirstFit,Insercao,Livres Ocupados,40
