FirstFit,Insercao,Livres,21
FirstFit,Insercao,Livres,1
FirstFit,Insercao,Livres,2
FirstFit,Insercao,Livres,8
FirstFit,Insercao,Livres,4
FirstFit,Insercao,Livres,2
FirstFit,Insercao,Livres,1
FirstFit,Insercao,Livres,8
FirstFit,Insercao,Livres,1
FirstFit,Insercao,Livres,3
FirstFit,Insercao,Livres,2
FirstFit,Insercao,Livres,3
FirstFit,Insercao,Livres,6
FirstFit,Insercao,Livres,2
FirstFit,Insercao,Livres,4
FirstFit,Insercao,Livres,7
FirstFit,Insercao,Livres,12
FirstFit,Insercao,Livres,11
FirstFit,Insercao,Livres,4
FirstFit,Insercao,Livres,10
FirstFit,Insercao,Livres,11
FirstFit,Insercao,Livres,4
FirstFit,Insercao,Livres,3
FirstFit,Insercao,Livres,2
FirstFit,Insercao,Livres,2
FirstFit,Insercao,Livres,12
FirstFit,Insercao,Livres,4
FirstFit,Insercao,Livres,14
FirstFit,Insercao,Livres,1
FirstFit,Insercao,Livres,17
FirstFit,Insercao,Livres,12
FirstFit,Insercao,Livres,4
FirstFit,Insercao,Livres,17
FirstFit,Insercao,Livres,1
FirstFit,Insercao,Livres,25
FirstFit,Insercao,Livres,5
FirstFit,Insercao,Livres,2
FirstFit,Insercao,Livres,7
FirstFit,Insercao,Livres,4
FirstFit,Insercao,Livres,12
FirstFit,Insercao,Livres,11
FirstFit,Insercao,Livres,5
FirstFit,Insercao,Livres,8
FirstFit,Insercao,Livres,12
FirstFit,Insercao,Livres,16
FirstFit,Insercao,Livres,28
FirstFit,Insercao,Livres,4
FirstFit,Insercao,Livres,6
FirstFit,Insercao,Livres,7
FirstFit,Insercao,Livres,1
FirstFit,Insercao,Livres,23
FirstFit,Insercao,Livres,3
FirstFit,Insercao,Livres,2
FirstFit,Insercao,Livres,6
FirstFit,Insercao,Livres,26
FirstFit,Insercao,Livres,6
FirstFit,Insercao,Livres,21
FirstFit,Insercao,Livres,4
FirstFit,Insercao,Livres,15
FirstFit,Insercao,Livres,31
FirstFit,Insercao,Livres,9
FirstFit,Insercao,Livres,4
FirstFit,Insercao,Livres,25
FirstFit,Insercao,Livres,5
FirstFit,Insercao,Livres,3
FirstFit,Insercao,Livres,27
FirstFit,Insercao,Livres,1
FirstFit,Insercao,Livres,6
FirstFit,Insercao,Livres,29
FirstFit,Insercao,Livres,12
FirstFit,Insercao,Livres,4
FirstFit,Insercao,Livres,9
FirstFit,Insercao,Livres,11
FirstFit,Insercao,Livres,14
FirstFit,Insercao,Livres,12
FirstFit,Insercao,Livres,7
FirstFit,Insercao,Livres,6
FirstFit,Insercao,Livres,13
FirstFit,Insercao,Livres,4
FirstFit,Insercao,Livres,11
FirstFit,Insercao,Livres,18
FirstFit,Insercao,Livres,19
FirstFit,Insercao,Livres,12
FirstFit,Insercao,Livres,23
FirstFit,Insercao,Livres,16
FirstFit,Insercao,Livres,21
FirstFit,Insercao,Livres,9
FirstFit,Insercao,Livres,27
FirstFit,Insercao,Livres,10
FirstFit,Insercao,Livres,10
FirstFit,Insercao,Livres,17
FirstFit,Insercao,Livres,14
FirstFit,Insercao,Livres,23
FirstFit,Insercao,Livres,6
FirstFit,Insercao,Livres,17
FirstFit,Insercao,Livres,6
