BestFit,Insercao,Livres Ordenados,43
BestFit,Insercao,Livres Ordenados,50
BestFit,Insercao,Livres Ordenados,43
BestFit,Insercao,Livres Ordenados,36
BestFit,Insercao,Livres Ordenados,44
BestFit,Insercao,Livres Ordenados,38
BestFit,Insercao,Livres Ordenados,44
BestFit,Insercao,Livres Ordenados,38
BestFit,Insercao,Livres Ordenados,47
BestFit,Insercao,Livres Ordenados,42
BestFit,Insercao,Livres Ordenados,44
BestFit,Insercao,Livres Ordenados,43
BestFit,Insercao,Livres Ordenados,38
BestFit,Insercao,Livres Ordenados,45
BestFit,Insercao,Livres Ordenados,40
BestFit,Insercao,Livres Ordenados,40
BestFit,Insercao,Livres Ordenados,41
BestFit,Insercao,Livres Ordenados,38
BestFit,Insercao,Livres Ordenados,57
BestFit,Insercao,Livres Ordenados,38
BestFit,Insercao,Livres Ordenados,39
BestFit,Insercao,Livres Ordenados,41
BestFit,Insercao,Livres Ordenados,112
BestFit,Insercao,Livres Ordenados,48
BestFit,Insercao,Livres Ordenados,46
BestFit,Insercao,Livres Ordenados,37
BestFit,Insercao,Livres Ordenados,46
BestFit,Insercao,Livres Ordenados,39
BestFit,Insercao,Livres Ordenados,43
BestFit,Insercao,Livres Ordenados,73
BestFit,Insercao,Livres Ordenados,39
BestFit,Insercao,Livres Ordenados,66
BestFit,Insercao,Livres Ordenados,35
BestFit,Insercao,Livres Ordenados,44
BestFit,Insercao,Livres Ordenados,38
BestFit,Insercao,Livres Ordenados,45
BestFit,Insercao,Livres Ordenados,45
BestFit,Insercao,Livres Ordenados,43
BestFit,Insercao,Livres Ordenados,62
BestFit,Insercao,Livres Ordenados,50
BestFit,Insercao,Livres Ordenados,43
BestFit,Insercao,Livres Ordenados,44
BestFit,Insercao,Livres Ordenados,41
BestFit,Insercao,Livres Ordenados,43
BestFit,Insercao,Livres Ordenados,40
BestFit,Insercao,Livres Ordenados,38
BestFit,Insercao,Livres Ordenados,42
BestFit,Insercao,Livres Ordenados,43
BestFit,Insercao,Livres Ordenados,44
BestFit,Insercao,Livres Ordenados,52
BestFit,Insercao,Livres Ordenados,40
BestFit,Insercao,Livres Ordenados,58
BestFit,Insercao,Livres Ordenados,45
BestFit,Insercao,Livres Ordenados,45
BestFit,Insercao,Livres Ordenados,37
BestFit,Insercao,Livres Ordenados,76
BestFit,Insercao,Livres Ordenados,35
BestFit,Insercao,Livres Ordenados,43
BestFit,Insercao,Livres Ordenados,41
BestFit,Insercao,Livres Ordenados,39
BestFit,Insercao,Livres Ordenados,39
BestFit,Insercao,Livres Ordenados,42
BestFit,Insercao,Livres Ordenados,37
BestFit,Insercao,Livres Ordenados,84
BestFit,Insercao,Livres Ordenados,47
BestFit,Insercao,Livres Ordenados,39
BestFit,Insercao,Livres Ordenados,46
BestFit,Insercao,Livres Ordenados,50
BestFit,Insercao,Livres Ordenados,69
BestFit,Insercao,Livres Ordenados,37
BestFit,Insercao,Livres Ordenados,39
BestFit,Insercao,Livres Ordenados,36
BestFit,Insercao,Livres Ordenados,43
BestFit,Insercao,Livres Ordenados,43
BestFit,Insercao,Livres Ordenados,42
BestFit,Insercao,Livres Ordenados,41
BestFit,Insercao,Livres Ordenados,36
BestFit,Insercao,Livres Ordenados,36
BestFit,Insercao,Livres Ordenados,39
BestFit,Insercao,Livres Ordenados,40
BestFit,Insercao,Livres Ordenados,42
BestFit,Insercao,Livres Ordenados,44
BestFit,Insercao,Livres Ordenados,43
BestFit,Insercao,Livres Ordenados,39
BestFit,Insercao,Livres Ordenados,41
BestFit,Insercao,Livres Ordenados,40
BestFit,Insercao,Livres Ordenados,40
BestFit,Insercao,Livres Ordenados,37
BestFit,Insercao,Livres Ordenados,42
BestFit,Insercao,Livres Ordenados,45
BestFit,Insercao,Livres Ordenados,47
BestFit,Insercao,Livres Ordenados,43
BestFit,Insercao,Livres Ordenados,39
BestFit,Insercao,Livres Ordenados,43
BestFit,Insercao,Livres Ordenados,45
BestFit,Insercao,Livres Ordenados,46
BestFit,Insercao,Livres Ordenados,42
BestFit,Insercao,Livres Ordenados,39
BestFit,Insercao,Livres Ordenados,48
BestFit,Insercao,Livres Ordenados,44
BestFit,Insercao,Livres Ordenados,44
