BestFit,Insercao,Livres Ordenados,46
BestFit,Insercao,Livres Ordenados,47
BestFit,Insercao,Livres Ordenados,44
BestFit,Insercao,Livres Ordenados,57
BestFit,Insercao,Livres Ordenados,44
BestFit,Insercao,Livres Ordenados,40
BestFit,Insercao,Livres Ordenados,45
BestFit,Insercao,Livres Ordenados,38
BestFit,Insercao,Livres Ordenados,47
BestFit,Insercao,Livres Ordenados,44
BestFit,Insercao,Livres Ordenados,46
BestFit,Insercao,Livres Ordenados,44
BestFit,Insercao,Livres Ordenados,39
BestFit,Insercao,Livres Ordenados,47
BestFit,Insercao,Livres Ordenados,41
BestFit,Insercao,Livres Ordenados,43
BestFit,Insercao,Livres Ordenados,42
BestFit,Insercao,Livres Ordenados,37
BestFit,Insercao,Livres Ordenados,47
BestFit,Insercao,Livres Ordenados,47
BestFit,Insercao,Livres Ordenados,40
BestFit,Insercao,Livres Ordenados,46
BestFit,Insercao,Livres Ordenados,53
BestFit,Insercao,Livres Ordenados,48
BestFit,Insercao,Livres Ordenados,59
BestFit,Insercao,Livres Ordenados,41
BestFit,Insercao,Livres Ordenados,46
BestFit,Insercao,Livres Ordenados,34
BestFit,Insercao,Livres Ordenados,41
BestFit,Insercao,Livres Ordenados,39
BestFit,Insercao,Livres Ordenados,41
BestFit,Insercao,Livres Ordenados,46
BestFit,Insercao,Livres Ordenados,36
BestFit,Insercao,Livres Ordenados,45
BestFit,Insercao,Livres Ordenados,40
BestFit,Insercao,Livres Ordenados,46
BestFit,Insercao,Livres Ordenados,47
BestFit,Insercao,Livres Ordenados,45
BestFit,Insercao,Livres Ordenados,44
BestFit,Insercao,Livres Ordenados,43
BestFit,Insercao,Livres Ordenados,45
BestFit,Insercao,Livres Ordenados,44
BestFit,Insercao,Livres Ordenados,74
BestFit,Insercao,Livres Ordenados,42
BestFit,Insercao,Livres Ordenados,42
BestFit,Insercao,Livres Ordenados,40
BestFit,Insercao,Livres Ordenados,44
BestFit,Insercao,Livres Ordenados,45
BestFit,Insercao,Livres Ordenados,46
BestFit,Insercao,Livres Ordenados,52
BestFit,Insercao,Livres Ordenados,43
BestFit,Insercao,Livres Ordenados,46
BestFit,Insercao,Livres Ordenados,45
BestFit,Insercao,Livres Ordenados,49
BestFit,Insercao,Livres Ordenados,39
BestFit,Insercao,Livres Ordenados,44
BestFit,Insercao,Livres Ordenados,36
BestFit,Insercao,Livres Ordenados,44
BestFit,Insercao,Livres Ordenados,42
BestFit,Insercao,Livres Ordenados,41
BestFit,Insercao,Livres Ordenados,40
BestFit,Insercao,Livres Ordenados,41
BestFit,Insercao,Livres Ordenados,36
BestFit,Insercao,Livres Ordenados,44
BestFit,Insercao,Livres Ordenados,45
BestFit,Insercao,Livres Ordenados,40
BestFit,Insercao,Livres Ordenados,53
BestFit,Insercao,Livres Ordenados,46
BestFit,Insercao,Livres Ordenados,40
BestFit,Insercao,Livres Ordenados,40
BestFit,Insercao,Livres Ordenados,40
BestFit,Insercao,Livres Ordenados,36
BestFit,Insercao,Livres Ordenados,47
BestFit,Insercao,Livres Ordenados,46
BestFit,Insercao,Livres Ordenados,45
BestFit,Insercao,Livres Ordenados,45
BestFit,Insercao,Livres Ordenados,35
BestFit,Insercao,Livres Ordenados,37
BestFit,Insercao,Livres Ordenados,40
BestFit,Insercao,Livres Ordenados,42
BestFit,Insercao,Livres Ordenados,43
BestFit,Insercao,Livres Ordenados,43
BestFit,Insercao,Livres Ordenados,45
BestFit,Insercao,Livres Ordenados,40
BestFit,Insercao,Livres Ordenados,38
BestFit,Insercao,Livres Ordenados,42
BestFit,Insercao,Livres Ordenados,48
BestFit,Insercao,Livres Ordenados,37
BestFit,Insercao,Livres Ordenados,102
BestFit,Insercao,Livres Ordenados,42
BestFit,Insercao,Livres Ordenados,37
BestFit,Insercao,Livres Ordenados,41
BestFit,Insercao,Livres Ordenados,39
BestFit,Insercao,Livres Ordenados,45
BestFit,Insercao,Livres Ordenados,46
BestFit,Insercao,Livres Ordenados,54
BestFit,Insercao,Livres Ordenados,44
BestFit,Insercao,Livres Ordenados,42
BestFit,Insercao,Livres Ordenados,45
BestFit,Insercao,Livres Ordenados,43
BestFit,Insercao,Livres Ordenados,43
