BestFit,Insercao,Livres Ordenados,47
BestFit,Insercao,Livres Ordenados,49
BestFit,Insercao,Livres Ordenados,45
BestFit,Insercao,Livres Ordenados,39
BestFit,Insercao,Livres Ordenados,49
BestFit,Insercao,Livres Ordenados,65
BestFit,Insercao,Livres Ordenados,50
BestFit,Insercao,Livres Ordenados,39
BestFit,Insercao,Livres Ordenados,62
BestFit,Insercao,Livres Ordenados,46
BestFit,Insercao,Livres Ordenados,47
BestFit,Insercao,Livres Ordenados,47
BestFit,Insercao,Livres Ordenados,42
BestFit,Insercao,Livres Ordenados,51
BestFit,Insercao,Livres Ordenados,45
BestFit,Insercao,Livres Ordenados,45
BestFit,Insercao,Livres Ordenados,43
BestFit,Insercao,Livres Ordenados,38
BestFit,Insercao,Livres Ordenados,48
BestFit,Insercao,Livres Ordenados,40
BestFit,Insercao,Livres Ordenados,41
BestFit,Insercao,Livres Ordenados,44
BestFit,Insercao,Livres Ordenados,47
BestFit,Insercao,Livres Ordenados,49
BestFit,Insercao,Livres Ordenados,48
BestFit,Insercao,Livres Ordenados,41
BestFit,Insercao,Livres Ordenados,48
BestFit,Insercao,Livres Ordenados,37
BestFit,Insercao,Livres Ordenados,45
BestFit,Insercao,Livres Ordenados,42
BestFit,Insercao,Livres Ordenados,44
BestFit,Insercao,Livres Ordenados,47
BestFit,Insercao,Livres Ordenados,37
BestFit,Insercao,Livres Ordenados,50
BestFit,Insercao,Livres Ordenados,39
BestFit,Insercao,Livres Ordenados,53
BestFit,Insercao,Livres Ordenados,45
BestFit,Insercao,Livres Ordenados,44
BestFit,Insercao,Livres Ordenados,54
BestFit,Insercao,Livres Ordenados,44
BestFit,Insercao,Livres Ordenados,40
BestFit,Insercao,Livres Ordenados,47
BestFit,Insercao,Livres Ordenados,46
BestFit,Insercao,Livres Ordenados,44
BestFit,Insercao,Livres Ordenados,43
BestFit,Insercao,Livres Ordenados,42
BestFit,Insercao,Livres Ordenados,44
BestFit,Insercao,Livres Ordenados,46
BestFit,Insercao,Livres Ordenados,48
BestFit,Insercao,Livres Ordenados,47
BestFit,Insercao,Livres Ordenados,41
BestFit,Insercao,Livres Ordenados,44
BestFit,Insercao,Livres Ordenados,46
BestFit,Insercao,Livres Ordenados,44
BestFit,Insercao,Livres Ordenados,35
BestFit,Insercao,Livres Ordenados,44
BestFit,Insercao,Livres Ordenados,36
BestFit,Insercao,Livres Ordenados,46
BestFit,Insercao,Livres Ordenados,44
BestFit,Insercao,Livres Ordenados,42
BestFit,Insercao,Livres Ordenados,43
BestFit,Insercao,Livres Ordenados,44
BestFit,Insercao,Livres Ordenados,38
BestFit,Insercao,Livres Ordenados,45
BestFit,Insercao,Livres Ordenados,46
BestFit,Insercao,Livres Ordenados,38
BestFit,Insercao,Livres Ordenados,49
BestFit,Insercao,Livres Ordenados,53
BestFit,Insercao,Livres Ordenados,40
BestFit,Insercao,Livres Ordenados,35
BestFit,Insercao,Livres Ordenados,39
BestFit,Insercao,Livres Ordenados,49
BestFit,Insercao,Livres Ordenados,47
BestFit,Insercao,Livres Ordenados,46
BestFit,Insercao,Livres Ordenados,45
BestFit,Insercao,Livres Ordenados,44
BestFit,Insercao,Livres Ordenados,38
BestFit,Insercao,Livres Ordenados,39
BestFit,Insercao,Livres Ordenados,40
BestFit,Insercao,Livres Ordenados,43
BestFit,Insercao,Livres Ordenados,45
BestFit,Insercao,Livres Ordenados,46
BestFit,Insercao,Livres Ordenados,150
BestFit,Insercao,Livres Ordenados,41
BestFit,Insercao,Livres Ordenados,49
BestFit,Insercao,Livres Ordenados,40
BestFit,Insercao,Livres Ordenados,40
BestFit,Insercao,Livres Ordenados,37
BestFit,Insercao,Livres Ordenados,45
BestFit,Insercao,Livres Ordenados,43
BestFit,Insercao,Livres Ordenados,38
BestFit,Insercao,Livres Ordenados,40
BestFit,Insercao,Livres Ordenados,41
BestFit,Insercao,Livres Ordenados,46
BestFit,Insercao,Livres Ordenados,44
BestFit,Insercao,Livres Ordenados,43
BestFit,Insercao,Livres Ordenados,43
BestFit,Insercao,Livres Ordenados,42
BestFit,Insercao,Livres Ordenados,46
BestFit,Insercao,Livres Ordenados,45
BestFit,Insercao,Livres Ordenados,49
