WorstFit,Insercao,Livres Ocupados,179
WorstFit,Insercao,Livres Ocupados,198
WorstFit,Insercao,Livres Ocupados,175
WorstFit,Insercao,Livres Ocupados,355
WorstFit,Insercao,Livres Ocupados,172
WorstFit,Insercao,Livres Ocupados,177
WorstFit,Insercao,Livres Ocupados,176
WorstFit,Insercao,Livres Ocupados,176
WorstFit,Insercao,Livres Ocupados,165
WorstFit,Insercao,Livres Ocupados,208
WorstFit,Insercao,Livres Ocupados,171
WorstFit,Insercao,Livres Ocupados,164
WorstFit,Insercao,Livres Ocupados,167
WorstFit,Insercao,Livres Ocupados,168
WorstFit,Insercao,Livres Ocupados,177
WorstFit,Insercao,Livres Ocupados,182
WorstFit,Insercao,Livres Ocupados,173
WorstFit,Insercao,Livres Ocupados,175
WorstFit,Insercao,Livres Ocupados,175
WorstFit,Insercao,Livres Ocupados,178
WorstFit,Insercao,Livres Ocupados,188
WorstFit,Insercao,Livres Ocupados,165
WorstFit,Insercao,Livres Ocupados,160
WorstFit,Insercao,Livres Ocupados,173
WorstFit,Insercao,Livres Ocupados,166
WorstFit,Insercao,Livres Ocupados,195
WorstFit,Insercao,Livres Ocupados,160
WorstFit,Insercao,Livres Ocupados,165
WorstFit,Insercao,Livres Ocupados,171
WorstFit,Insercao,Livres Ocupados,277
WorstFit,Insercao,Livres Ocupados,200
WorstFit,Insercao,Livres Ocupados,177
WorstFit,Insercao,Livres Ocupados,170
WorstFit,Insercao,Livres Ocupados,192
WorstFit,Insercao,Livres Ocupados,256
WorstFit,Insercao,Livres Ocupados,183
WorstFit,Insercao,Livres Ocupados,192
WorstFit,Insercao,Livres Ocupados,211
WorstFit,Insercao,Livres Ocupados,181
WorstFit,Insercao,Livres Ocupados,181
WorstFit,Insercao,Livres Ocupados,178
WorstFit,Insercao,Livres Ocupados,219
WorstFit,Insercao,Livres Ocupados,204
WorstFit,Insercao,Livres Ocupados,194
WorstFit,Insercao,Livres Ocupados,197
WorstFit,Insercao,Livres Ocupados,231
WorstFit,Insercao,Livres Ocupados,169
WorstFit,Insercao,Livres Ocupados,184
WorstFit,Insercao,Livres Ocupados,209
WorstFit,Insercao,Livres Ocupados,187
WorstFit,Insercao,Livres Ocupados,191
WorstFit,Insercao,Livres Ocupados,200
WorstFit,Insercao,Livres Ocupados,187
WorstFit,Insercao,Livres Ocupados,246
WorstFit,Insercao,Livres Ocupados,195
WorstFit,Insercao,Livres Ocupados,196
WorstFit,Insercao,Livres Ocupados,185
WorstFit,Insercao,Livres Ocupados,188
WorstFit,Insercao,Livres Ocupados,191
WorstFit,Insercao,Livres Ocupados,186
WorstFit,Insercao,Livres Ocupados,289
WorstFit,Insercao,Livres Ocupados,197
WorstFit,Insercao,Livres Ocupados,195
WorstFit,Insercao,Livres Ocupados,206
WorstFit,Insercao,Livres Ocupados,252
WorstFit,Insercao,Livres Ocupados,207
WorstFit,Insercao,Livres Ocupados,258
WorstFit,Insercao,Livres Ocupados,196
WorstFit,Insercao,Livres Ocupados,202
WorstFit,Insercao,Livres Ocupados,292
WorstFit,Insercao,Livres Ocupados,247
WorstFit,Insercao,Livres Ocupados,208
WorstFit,Insercao,Livres Ocupados,204
WorstFit,Insercao,Livres Ocupados,289
WorstFit,Insercao,Livres Ocupados,207
WorstFit,Insercao,Livres Ocupados,202
WorstFit,Insercao,Livres Ocupados,274
WorstFit,Insercao,Livres Ocupados,198
WorstFit,Insercao,Livres Ocupados,195
WorstFit,Insercao,Livres Ocupados,216
WorstFit,Insercao,Livres Ocupados,207
WorstFit,Insercao,Livres Ocupados,206
WorstFit,Insercao,Livres Ocupados,203
WorstFit,Insercao,Livres Ocupados,201
WorstFit,Insercao,Livres Ocupados,297
WorstFit,Insercao,Livres Ocupados,240
WorstFit,Insercao,Livres Ocupados,204
