WorstFit,Insercao,Livres Ocupados,121
WorstFit,Insercao,Livres Ocupados,121
WorstFit,Insercao,Livres Ocupados,123
WorstFit,Insercao,Livres Ocupados,127
WorstFit,Insercao,Livres Ocupados,117
WorstFit,Insercao,Livres Ocupados,125
WorstFit,Insercao,Livres Ocupados,119
WorstFit,Insercao,Livres Ocupados,119
WorstFit,Insercao,Livres Ocupados,132
WorstFit,Insercao,Livres Ocupados,127
WorstFit,Insercao,Livres Ocupados,125
WorstFit,Insercao,Livres Ocupados,116
WorstFit,Insercao,Livres Ocupados,122
WorstFit,Insercao,Livres Ocupados,139
WorstFit,Insercao,Livres Ocupados,122
WorstFit,Insercao,Livres Ocupados,128
WorstFit,Insercao,Livres Ocupados,122
WorstFit,Insercao,Livres Ocupados,122
WorstFit,Insercao,Livres Ocupados,175
WorstFit,Insercao,Livres Ocupados,122
WorstFit,Insercao,Livres Ocupados,124
WorstFit,Insercao,Livres Ocupados,123
WorstFit,Insercao,Livres Ocupados,130
WorstFit,Insercao,Livres Ocupados,122
WorstFit,Insercao,Livres Ocupados,125
WorstFit,Insercao,Livres Ocupados,154
WorstFit,Insercao,Livres Ocupados,127
WorstFit,Insercao,Livres Ocupados,119
WorstFit,Insercao,Livres Ocupados,123
WorstFit,Insercao,Livres Ocupados,124
WorstFit,Insercao,Livres Ocupados,168
WorstFit,Insercao,Livres Ocupados,119
WorstFit,Insercao,Livres Ocupados,120
WorstFit,Insercao,Livres Ocupados,124
WorstFit,Insercao,Livres Ocupados,183
WorstFit,Insercao,Livres Ocupados,127
WorstFit,Insercao,Livres Ocupados,122
WorstFit,Insercao,Livres Ocupados,130
WorstFit,Insercao,Livres Ocupados,128
WorstFit,Insercao,Livres Ocupados,121
WorstFit,Insercao,Livres Ocupados,126
WorstFit,Insercao,Livres Ocupados,125
WorstFit,Insercao,Livres Ocupados,125
WorstFit,Insercao,Livres Ocupados,121
WorstFit,Insercao,Livres Ocupados,131
WorstFit,Insercao,Livres Ocupados,126
WorstFit,Insercao,Livres Ocupados,233
WorstFit,Insercao,Livres Ocupados,122
WorstFit,Insercao,Livres Ocupados,125
WorstFit,Insercao,Livres Ocupados,128
WorstFit,Insercao,Livres Ocupados,126
WorstFit,Insercao,Livres Ocupados,124
WorstFit,Insercao,Livres Ocupados,127
WorstFit,Insercao,Livres Ocupados,123
WorstFit,Insercao,Livres Ocupados,124
WorstFit,Insercao,Livres Ocupados,137
WorstFit,Insercao,Livres Ocupados,127
WorstFit,Insercao,Livres Ocupados,126
WorstFit,Insercao,Livres Ocupados,231
WorstFit,Insercao,Livres Ocupados,120
WorstFit,Insercao,Livres Ocupados,207
WorstFit,Insercao,Livres Ocupados,125
WorstFit,Insercao,Livres Ocupados,123
WorstFit,Insercao,Livres Ocupados,128
WorstFit,Insercao,Livres Ocupados,132
WorstFit,Insercao,Livres Ocupados,155
WorstFit,Insercao,Livres Ocupados,126
WorstFit,Insercao,Livres Ocupados,129
WorstFit,Insercao,Livres Ocupados,156
WorstFit,Insercao,Livres Ocupados,177
WorstFit,Insercao,Livres Ocupados,162
WorstFit,Insercao,Livres Ocupados,131
WorstFit,Insercao,Livres Ocupados,131
WorstFit,Insercao,Livres Ocupados,150
WorstFit,Insercao,Livres Ocupados,134
WorstFit,Insercao,Livres Ocupados,135
WorstFit,Insercao,Livres Ocupados,137
WorstFit,Insercao,Livres Ocupados,131
WorstFit,Insercao,Livres Ocupados,129
WorstFit,Insercao,Livres Ocupados,129
WorstFit,Insercao,Livres Ocupados,130
WorstFit,Insercao,Livres Ocupados,130
WorstFit,Insercao,Livres Ocupados,124
WorstFit,Insercao,Livres Ocupados,127
WorstFit,Insercao,Livres Ocupados,132
WorstFit,Insercao,Livres Ocupados,170
WorstFit,Insercao,Livres Ocupados,129
WorstFit,Insercao,Livres Ocupados,133
WorstFit,Insercao,Livres Ocupados,132
WorstFit,Insercao,Livres Ocupados,137
WorstFit,Insercao,Livres Ocupados,125
WorstFit,Insercao,Livres Ocupados,135
WorstFit,Insercao,Livres Ocupados,140
WorstFit,Insercao,Livres Ocupados,150
WorstFit,Insercao,Livres Ocupados,162
WorstFit,Insercao,Livres Ocupados,134
WorstFit,Insercao,Livres Ocupados,139
WorstFit,Insercao,Livres Ocupados,135
WorstFit,Insercao,Livres Ocupados,137
WorstFit,Insercao,Livres Ocupados,138
WorstFit,Insercao,Livres Ocupados,135
