FirstFit,Insercao,Livres Ocupados,22
FirstFit,Insercao,Livres Ocupados,8
FirstFit,Insercao,Livres Ocupados,11
FirstFit,Insercao,Livres Ocupados,58
FirstFit,Insercao,Livres Ocupados,15
FirstFit,Insercao,Livres Ocupados,43
FirstFit,Insercao,Livres Ocupados,17
FirstFit,Insercao,Livres Ocupados,47
FirstFit,Insercao,Livres Ocupados,7
FirstFit,Insercao,Livres Ocupados,36
FirstFit,Insercao,Livres Ocupados,35
FirstFit,Insercao,Livres Ocupados,64
FirstFit,Insercao,Livres Ocupados,96
FirstFit,Insercao,Livres Ocupados,15
FirstFit,Insercao,Livres Ocupados,46
FirstFit,Insercao,Livres Ocupados,57
FirstFit,Insercao,Livres Ocupados,52
FirstFit,Insercao,Livres Ocupados,115
FirstFit,Insercao,Livres Ocupados,54
FirstFit,Insercao,Livres Ocupados,111
FirstFit,Insercao,Livres Ocupados,140
FirstFit,Insercao,Livres Ocupados,120
FirstFit,Insercao,Livres Ocupados,18
FirstFit,Insercao,Livres Ocupados,11
FirstFit,Insercao,Livres Ocupados,16
FirstFit,Insercao,Livres Ocupados,157
FirstFit,Insercao,Livres Ocupados,36
FirstFit,Insercao,Livres Ocupados,268
FirstFit,Insercao,Livres Ocupados,71
FirstFit,Insercao,Livres Ocupados,172
FirstFit,Insercao,Livres Ocupados,74
FirstFit,Insercao,Livres Ocupados,54
FirstFit,Insercao,Livres Ocupados,264
FirstFit,Insercao,Livres Ocupados,69
FirstFit,Insercao,Livres Ocupados,214
FirstFit,Insercao,Livres Ocupados,58
FirstFit,Insercao,Livres Ocupados,40
FirstFit,Insercao,Livres Ocupados,107
FirstFit,Insercao,Livres Ocupados,66
FirstFit,Insercao,Livres Ocupados,91
FirstFit,Insercao,Livres Ocupados,157
FirstFit,Insercao,Livres Ocupados,72
FirstFit,Insercao,Livres Ocupados,106
FirstFit,Insercao,Livres Ocupados,151
FirstFit,Insercao,Livres Ocupados,102
FirstFit,Insercao,Livres Ocupados,207
FirstFit,Insercao,Livres Ocupados,90
FirstFit,Insercao,Livres Ocupados,57
FirstFit,Insercao,Livres Ocupados,93
FirstFit,Insercao,Livres Ocupados,17
FirstFit,Insercao,Livres Ocupados,229
FirstFit,Insercao,Livres Ocupados,92
FirstFit,Insercao,Livres Ocupados,21
FirstFit,Insercao,Livres Ocupados,62
FirstFit,Insercao,Livres Ocupados,211
FirstFit,Insercao,Livres Ocupados,117
FirstFit,Insercao,Livres Ocupados,101
FirstFit,Insercao,Livres Ocupados,102
FirstFit,Insercao,Livres Ocupados,109
FirstFit,Insercao,Livres Ocupados,247
FirstFit,Insercao,Livres Ocupados,109
FirstFit,Insercao,Livres Ocupados,233
FirstFit,Insercao,Livres Ocupados,116
FirstFit,Insercao,Livres Ocupados,47
FirstFit,Insercao,Livres Ocupados,235
FirstFit,Insercao,Livres Ocupados,46
FirstFit,Insercao,Livres Ocupados,85
FirstFit,Insercao,Livres Ocupados,232
FirstFit,Insercao,Livres Ocupados,306
FirstFit,Insercao,Livres Ocupados,96
FirstFit,Insercao,Livres Ocupados,95
FirstFit,Insercao,Livres Ocupados,108
FirstFit,Insercao,Livres Ocupados,103
FirstFit,Insercao,Livres Ocupados,219
FirstFit,Insercao,Livres Ocupados,104
FirstFit,Insercao,Livres Ocupados,101
FirstFit,Insercao,Livres Ocupados,138
FirstFit,Insercao,Livres Ocupados,66
FirstFit,Insercao,Livres Ocupados,99
FirstFit,Insercao,Livres Ocupados,129
FirstFit,Insercao,Livres Ocupados,113
FirstFit,Insercao,Livres Ocupados,151
FirstFit,Insercao,Livres Ocupados,152
FirstFit,Insercao,Livres Ocupados,330
FirstFit,Insercao,Livres Ocupados,126
FirstFit,Insercao,Livres Ocupados,174
FirstFit,Insercao,Livres Ocupados,267
FirstFit,Insercao,Livres Ocupados,202
FirstFit,Insercao,Livres Ocupados,228
FirstFit,Insercao,Livres Ocupados,106
FirstFit,Insercao,Livres Ocupados,133
FirstFit,Insercao,Livres Ocupados,121
FirstFit,Insercao,Livres Ocupados,107
FirstFit,Insercao,Livres Ocupados,188
FirstFit,Insercao,Livres Ocupados,78
FirstFit,Insercao,Livres Ocupados,117
FirstFit,Insercao,Livres Ocupados,105
