BestFit,Insercao,Livres Ocupados,112
BestFit,Insercao,Livres Ocupados,114
BestFit,Insercao,Livres Ocupados,114
BestFit,Insercao,Livres Ocupados,109
BestFit,Insercao,Livres Ocupados,151
BestFit,Insercao,Livres Ocupados,107
BestFit,Insercao,Livres Ocupados,119
BestFit,Insercao,Livres Ocupados,111
BestFit,Insercao,Livres Ocupados,119
BestFit,Insercao,Livres Ocupados,123
BestFit,Insercao,Livres Ocupados,119
BestFit,Insercao,Livres Ocupados,125
BestFit,Insercao,Livres Ocupados,126
BestFit,Insercao,Livres Ocupados,122
BestFit,Insercao,Livres Ocupados,118
BestFit,Insercao,Livres Ocupados,119
BestFit,Insercao,Livres Ocupados,116
BestFit,Insercao,Livres Ocupados,108
BestFit,Insercao,Livres Ocupados,121
BestFit,Insercao,Livres Ocupados,115
BestFit,Insercao,Livres Ocupados,116
BestFit,Insercao,Livres Ocupados,116
BestFit,Insercao,Livres Ocupados,122
BestFit,Insercao,Livres Ocupados,119
BestFit,Insercao,Livres Ocupados,132
BestFit,Insercao,Livres Ocupados,115
BestFit,Insercao,Livres Ocupados,112
BestFit,Insercao,Livres Ocupados,106
BestFit,Insercao,Livres Ocupados,121
BestFit,Insercao,Livres Ocupados,122
BestFit,Insercao,Livres Ocupados,114
BestFit,Insercao,Livres Ocupados,115
BestFit,Insercao,Livres Ocupados,109
BestFit,Insercao,Livres Ocupados,125
BestFit,Insercao,Livres Ocupados,113
BestFit,Insercao,Livres Ocupados,125
BestFit,Insercao,Livres Ocupados,125
BestFit,Insercao,Livres Ocupados,124
BestFit,Insercao,Livres Ocupados,123
BestFit,Insercao,Livres Ocupados,128
BestFit,Insercao,Livres Ocupados,124
BestFit,Insercao,Livres Ocupados,126
BestFit,Insercao,Livres Ocupados,123
BestFit,Insercao,Livres Ocupados,125
BestFit,Insercao,Livres Ocupados,122
BestFit,Insercao,Livres Ocupados,121
BestFit,Insercao,Livres Ocupados,174
BestFit,Insercao,Livres Ocupados,129
BestFit,Insercao,Livres Ocupados,126
BestFit,Insercao,Livres Ocupados,140
BestFit,Insercao,Livres Ocupados,119
BestFit,Insercao,Livres Ocupados,124
BestFit,Insercao,Livres Ocupados,125
BestFit,Insercao,Livres Ocupados,120
BestFit,Insercao,Livres Ocupados,117
BestFit,Insercao,Livres Ocupados,121
BestFit,Insercao,Livres Ocupados,115
BestFit,Insercao,Livres Ocupados,120
BestFit,Insercao,Livres Ocupados,136
BestFit,Insercao,Livres Ocupados,119
BestFit,Insercao,Livres Ocupados,118
BestFit,Insercao,Livres Ocupados,127
BestFit,Insercao,Livres Ocupados,115
BestFit,Insercao,Livres Ocupados,127
BestFit,Insercao,Livres Ocupados,123
BestFit,Insercao,Livres Ocupados,120
BestFit,Insercao,Livres Ocupados,128
BestFit,Insercao,Livres Ocupados,129
BestFit,Insercao,Livres Ocupados,129
BestFit,Insercao,Livres Ocupados,113
BestFit,Insercao,Livres Ocupados,116
BestFit,Insercao,Livres Ocupados,116
BestFit,Insercao,Livres Ocupados,171
BestFit,Insercao,Livres Ocupados,137
BestFit,Insercao,Livres Ocupados,132
BestFit,Insercao,Livres Ocupados,130
BestFit,Insercao,Livres Ocupados,118
BestFit,Insercao,Livres Ocupados,125
BestFit,Insercao,Livres Ocupados,126
BestFit,Insercao,Livres Ocupados,132
BestFit,Insercao,Livres Ocupados,132
BestFit,Insercao,Livres Ocupados,135
BestFit,Insercao,Livres Ocupados,133
BestFit,Insercao,Livres Ocupados,283
BestFit,Insercao,Livres Ocupados,124
BestFit,Insercao,Livres Ocupados,128
BestFit,Insercao,Livres Ocupados,136
BestFit,Insercao,Livres Ocupados,115
BestFit,Insercao,Livres Ocupados,134
BestFit,Insercao,Livres Ocupados,132
BestFit,Insercao,Livres Ocupados,172
BestFit,Insercao,Livres Ocupados,126
BestFit,Insercao,Livres Ocupados,123
BestFit,Insercao,Livres Ocupados,151
BestFit,Insercao,Livres Ocupados,134
BestFit,Insercao,Livres Ocupados,132
BestFit,Insercao,Livres Ocupados,129
BestFit,Insercao,Livres Ocupados,140
BestFit,Insercao,Livres Ocupados,140
BestFit,Insercao,Livres Ocupados,135
BestFit,Insercao,Livres Ocupados,133
