BestFit,Insercao,Livres Ocupados,222
BestFit,Insercao,Livres Ocupados,181
BestFit,Insercao,Livres Ocupados,180
BestFit,Insercao,Livres Ocupados,221
BestFit,Insercao,Livres Ocupados,183
BestFit,Insercao,Livres Ocupados,189
BestFit,Insercao,Livres Ocupados,168
BestFit,Insercao,Livres Ocupados,235
BestFit,Insercao,Livres Ocupados,265
BestFit,Insercao,Livres Ocupados,197
BestFit,Insercao,Livres Ocupados,161
BestFit,Insercao,Livres Ocupados,169
BestFit,Insercao,Livres Ocupados,158
BestFit,Insercao,Livres Ocupados,202
BestFit,Insercao,Livres Ocupados,226
BestFit,Insercao,Livres Ocupados,159
BestFit,Insercao,Livres Ocupados,157
BestFit,Insercao,Livres Ocupados,222
BestFit,Insercao,Livres Ocupados,169
BestFit,Insercao,Livres Ocupados,176
BestFit,Insercao,Livres Ocupados,172
BestFit,Insercao,Livres Ocupados,241
BestFit,Insercao,Livres Ocupados,223
BestFit,Insercao,Livres Ocupados,178
BestFit,Insercao,Livres Ocupados,218
BestFit,Insercao,Livres Ocupados,159
BestFit,Insercao,Livres Ocupados,188
BestFit,Insercao,Livres Ocupados,144
BestFit,Insercao,Livres Ocupados,181
BestFit,Insercao,Livres Ocupados,166
BestFit,Insercao,Livres Ocupados,181
BestFit,Insercao,Livres Ocupados,272
BestFit,Insercao,Livres Ocupados,156
BestFit,Insercao,Livres Ocupados,189
BestFit,Insercao,Livres Ocupados,193
BestFit,Insercao,Livres Ocupados,204
BestFit,Insercao,Livres Ocupados,175
BestFit,Insercao,Livres Ocupados,164
BestFit,Insercao,Livres Ocupados,219
BestFit,Insercao,Livres Ocupados,180
BestFit,Insercao,Livres Ocupados,228
BestFit,Insercao,Livres Ocupados,182
BestFit,Insercao,Livres Ocupados,172
BestFit,Insercao,Livres Ocupados,171
BestFit,Insercao,Livres Ocupados,169
BestFit,Insercao,Livres Ocupados,237
BestFit,Insercao,Livres Ocupados,244
BestFit,Insercao,Livres Ocupados,187
BestFit,Insercao,Livres Ocupados,260
BestFit,Insercao,Livres Ocupados,536
BestFit,Insercao,Livres Ocupados,214
BestFit,Insercao,Livres Ocupados,199
BestFit,Insercao,Livres Ocupados,197
BestFit,Insercao,Livres Ocupados,187
BestFit,Insercao,Livres Ocupados,182
BestFit,Insercao,Livres Ocupados,236
BestFit,Insercao,Livres Ocupados,165
BestFit,Insercao,Livres Ocupados,257
BestFit,Insercao,Livres Ocupados,250
BestFit,Insercao,Livres Ocupados,187
BestFit,Insercao,Livres Ocupados,173
BestFit,Insercao,Livres Ocupados,308
BestFit,Insercao,Livres Ocupados,191
BestFit,Insercao,Livres Ocupados,297
BestFit,Insercao,Livres Ocupados,196
BestFit,Insercao,Livres Ocupados,196
BestFit,Insercao,Livres Ocupados,252
BestFit,Insercao,Livres Ocupados,221
BestFit,Insercao,Livres Ocupados,207
BestFit,Insercao,Livres Ocupados,334
BestFit,Insercao,Livres Ocupados,196
BestFit,Insercao,Livres Ocupados,310
BestFit,Insercao,Livres Ocupados,273
BestFit,Insercao,Livres Ocupados,240
BestFit,Insercao,Livres Ocupados,268
BestFit,Insercao,Livres Ocupados,196
BestFit,Insercao,Livres Ocupados,259
BestFit,Insercao,Livres Ocupados,176
BestFit,Insercao,Livres Ocupados,230
BestFit,Insercao,Livres Ocupados,188
BestFit,Insercao,Livres Ocupados,200
BestFit,Insercao,Livres Ocupados,212
BestFit,Insercao,Livres Ocupados,206
BestFit,Insercao,Livres Ocupados,365
BestFit,Insercao,Livres Ocupados,207
BestFit,Insercao,Livres Ocupados,243
BestFit,Insercao,Livres Ocupados,188
BestFit,Insercao,Livres Ocupados,333
BestFit,Insercao,Livres Ocupados,213
BestFit,Insercao,Livres Ocupados,283
BestFit,Insercao,Livres Ocupados,211
BestFit,Insercao,Livres Ocupados,211
BestFit,Insercao,Livres Ocupados,269
BestFit,Insercao,Livres Ocupados,219
BestFit,Insercao,Livres Ocupados,209
BestFit,Insercao,Livres Ocupados,284
BestFit,Insercao,Livres Ocupados,208
BestFit,Insercao,Livres Ocupados,231
BestFit,Insercao,Livres Ocupados,212
BestFit,Insercao,Livres Ocupados,334
BestFit,Insercao,Livres Ocupados,198
