WorstFit,Insercao,Livres Ocupados,32
WorstFit,Insercao,Livres Ocupados,29
WorstFit,Insercao,Livres Ocupados,80
WorstFit,Insercao,Livres Ocupados,32
WorstFit,Insercao,Livres Ocupados,31
WorstFit,Insercao,Livres Ocupados,34
WorstFit,Insercao,Livres Ocupados,33
WorstFit,Insercao,Livres Ocupados,32
WorstFit,Insercao,Livres Ocupados,34
WorstFit,Insercao,Livres Ocupados,32
WorstFit,Insercao,Livres Ocupados,29
WorstFit,Insercao,Livres Ocupados,34
WorstFit,Insercao,Livres Ocupados,35
WorstFit,Insercao,Livres Ocupados,30
WorstFit,Insercao,Livres Ocupados,54
WorstFit,Insercao,Livres Ocupados,40
WorstFit,Insercao,Livres Ocupados,37
WorstFit,Insercao,Livres Ocupados,89
WorstFit,Insercao,Livres Ocupados,40
WorstFit,Insercao,Livres Ocupados,31
WorstFit,Insercao,Livres Ocupados,57
WorstFit,Insercao,Livres Ocupados,37
WorstFit,Insercao,Livres Ocupados,35
WorstFit,Insercao,Livres Ocupados,32
WorstFit,Insercao,Livres Ocupados,33
WorstFit,Insercao,Livres Ocupados,33
WorstFit,Insercao,Livres Ocupados,36
WorstFit,Insercao,Livres Ocupados,41
WorstFit,Insercao,Livres Ocupados,37
WorstFit,Insercao,Livres Ocupados,34
WorstFit,Insercao,Livres Ocupados,34
WorstFit,Insercao,Livres Ocupados,31
WorstFit,Insercao,Livres Ocupados,38
WorstFit,Insercao,Livres Ocupados,34
WorstFit,Insercao,Livres Ocupados,38
WorstFit,Insercao,Livres Ocupados,36
WorstFit,Insercao,Livres Ocupados,33
WorstFit,Insercao,Livres Ocupados,38
WorstFit,Insercao,Livres Ocupados,40
WorstFit,Insercao,Livres Ocupados,34
WorstFit,Insercao,Livres Ocupados,36
WorstFit,Insercao,Livres Ocupados,36
WorstFit,Insercao,Livres Ocupados,34
WorstFit,Insercao,Livres Ocupados,33
WorstFit,Insercao,Livres Ocupados,34
WorstFit,Insercao,Livres Ocupados,38
WorstFit,Insercao,Livres Ocupados,37
WorstFit,Insercao,Livres Ocupados,34
WorstFit,Insercao,Livres Ocupados,35
WorstFit,Insercao,Livres Ocupados,37
WorstFit,Insercao,Livres Ocupados,38
WorstFit,Insercao,Livres Ocupados,39
WorstFit,Insercao,Livres Ocupados,41
WorstFit,Insercao,Livres Ocupados,31
WorstFit,Insercao,Livres Ocupados,32
WorstFit,Insercao,Livres Ocupados,34
WorstFit,Insercao,Livres Ocupados,33
WorstFit,Insercao,Livres Ocupados,35
WorstFit,Insercao,Livres Ocupados,37
WorstFit,Insercao,Livres Ocupados,37
WorstFit,Insercao,Livres Ocupados,43
WorstFit,Insercao,Livres Ocupados,34
WorstFit,Insercao,Livres Ocupados,39
WorstFit,Insercao,Livres Ocupados,37
WorstFit,Insercao,Livres Ocupados,40
WorstFit,Insercao,Livres Ocupados,40
WorstFit,Insercao,Livres Ocupados,39
WorstFit,Insercao,Livres Ocupados,39
WorstFit,Insercao,Livres Ocupados,55
WorstFit,Insercao,Livres Ocupados,49
WorstFit,Insercao,Livres Ocupados,37
WorstFit,Insercao,Livres Ocupados,69
WorstFit,Insercao,Livres Ocupados,41
WorstFit,Insercao,Livres Ocupados,37
WorstFit,Insercao,Livres Ocupados,38
WorstFit,Insercao,Livres Ocupados,36
WorstFit,Insercao,Livres Ocupados,36
WorstFit,Insercao,Livres Ocupados,34
WorstFit,Insercao,Livres Ocupados,42
WorstFit,Insercao,Livres Ocupados,55
WorstFit,Insercao,Livres Ocupados,38
WorstFit,Insercao,Livres Ocupados,43
WorstFit,Insercao,Livres Ocupados,49
WorstFit,Insercao,Livres Ocupados,42
WorstFit,Insercao,Livres Ocupados,166
WorstFit,Insercao,Livres Ocupados,47
WorstFit,Insercao,Livres Ocupados,41
WorstFit,Insercao,Livres Ocupados,43
WorstFit,Insercao,Livres Ocupados,40
WorstFit,Insercao,Livres Ocupados,38
WorstFit,Insercao,Livres Ocupados,46
WorstFit,Insercao,Livres Ocupados,33
WorstFit,Insercao,Livres Ocupados,37
WorstFit,Insercao,Livres Ocupados,48
WorstFit,Insercao,Livres Ocupados,36
WorstFit,Insercao,Livres Ocupados,45
WorstFit,Insercao,Livres Ocupados,37
WorstFit,Insercao,Livres Ocupados,33
WorstFit,Insercao,Livres Ocupados,37
WorstFit,Insercao,Livres Ocupados,36
WorstFit,Insercao,Livres Ocupados,39
