BestFit,Insercao,Livres Ocupados,116
BestFit,Insercao,Livres Ocupados,111
BestFit,Insercao,Livres Ocupados,113
BestFit,Insercao,Livres Ocupados,108
BestFit,Insercao,Livres Ocupados,110
BestFit,Insercao,Livres Ocupados,103
BestFit,Insercao,Livres Ocupados,113
BestFit,Insercao,Livres Ocupados,104
BestFit,Insercao,Livres Ocupados,115
BestFit,Insercao,Livres Ocupados,114
BestFit,Insercao,Livres Ocupados,122
BestFit,Insercao,Livres Ocupados,115
BestFit,Insercao,Livres Ocupados,115
BestFit,Insercao,Livres Ocupados,117
BestFit,Insercao,Livres Ocupados,115
BestFit,Insercao,Livres Ocupados,112
BestFit,Insercao,Livres Ocupados,116
BestFit,Insercao,Livres Ocupados,184
BestFit,Insercao,Livres Ocupados,120
BestFit,Insercao,Livres Ocupados,114
BestFit,Insercao,Livres Ocupados,119
BestFit,Insercao,Livres Ocupados,120
BestFit,Insercao,Livres Ocupados,121
BestFit,Insercao,Livres Ocupados,119
BestFit,Insercao,Livres Ocupados,117
BestFit,Insercao,Livres Ocupados,117
BestFit,Insercao,Livres Ocupados,123
BestFit,Insercao,Livres Ocupados,200
BestFit,Insercao,Livres Ocupados,122
BestFit,Insercao,Livres Ocupados,116
BestFit,Insercao,Livres Ocupados,191
BestFit,Insercao,Livres Ocupados,115
BestFit,Insercao,Livres Ocupados,108
BestFit,Insercao,Livres Ocupados,120
BestFit,Insercao,Livres Ocupados,113
BestFit,Insercao,Livres Ocupados,124
BestFit,Insercao,Livres Ocupados,122
BestFit,Insercao,Livres Ocupados,117
BestFit,Insercao,Livres Ocupados,117
BestFit,Insercao,Livres Ocupados,158
BestFit,Insercao,Livres Ocupados,111
BestFit,Insercao,Livres Ocupados,164
BestFit,Insercao,Livres Ocupados,127
BestFit,Insercao,Livres Ocupados,118
BestFit,Insercao,Livres Ocupados,115
BestFit,Insercao,Livres Ocupados,179
BestFit,Insercao,Livres Ocupados,130
BestFit,Insercao,Livres Ocupados,128
BestFit,Insercao,Livres Ocupados,164
BestFit,Insercao,Livres Ocupados,132
BestFit,Insercao,Livres Ocupados,123
BestFit,Insercao,Livres Ocupados,130
BestFit,Insercao,Livres Ocupados,134
BestFit,Insercao,Livres Ocupados,128
BestFit,Insercao,Livres Ocupados,114
BestFit,Insercao,Livres Ocupados,154
BestFit,Insercao,Livres Ocupados,112
BestFit,Insercao,Livres Ocupados,129
BestFit,Insercao,Livres Ocupados,127
BestFit,Insercao,Livres Ocupados,117
BestFit,Insercao,Livres Ocupados,127
BestFit,Insercao,Livres Ocupados,127
BestFit,Insercao,Livres Ocupados,117
BestFit,Insercao,Livres Ocupados,128
BestFit,Insercao,Livres Ocupados,134
BestFit,Insercao,Livres Ocupados,119
BestFit,Insercao,Livres Ocupados,131
BestFit,Insercao,Livres Ocupados,161
BestFit,Insercao,Livres Ocupados,123
BestFit,Insercao,Livres Ocupados,115
BestFit,Insercao,Livres Ocupados,116
BestFit,Insercao,Livres Ocupados,120
BestFit,Insercao,Livres Ocupados,148
BestFit,Insercao,Livres Ocupados,138
BestFit,Insercao,Livres Ocupados,145
BestFit,Insercao,Livres Ocupados,131
BestFit,Insercao,Livres Ocupados,117
BestFit,Insercao,Livres Ocupados,119
BestFit,Insercao,Livres Ocupados,122
BestFit,Insercao,Livres Ocupados,125
BestFit,Insercao,Livres Ocupados,164
BestFit,Insercao,Livres Ocupados,151
BestFit,Insercao,Livres Ocupados,139
BestFit,Insercao,Livres Ocupados,162
BestFit,Insercao,Livres Ocupados,131
BestFit,Insercao,Livres Ocupados,128
BestFit,Insercao,Livres Ocupados,131
BestFit,Insercao,Livres Ocupados,123
BestFit,Insercao,Livres Ocupados,132
BestFit,Insercao,Livres Ocupados,129
BestFit,Insercao,Livres Ocupados,144
BestFit,Insercao,Livres Ocupados,203
BestFit,Insercao,Livres Ocupados,122
BestFit,Insercao,Livres Ocupados,144
BestFit,Insercao,Livres Ocupados,169
BestFit,Insercao,Livres Ocupados,140
BestFit,Insercao,Livres Ocupados,138
BestFit,Insercao,Livres Ocupados,131
BestFit,Insercao,Livres Ocupados,139
BestFit,Insercao,Livres Ocupados,131
BestFit,Insercao,Livres Ocupados,148
