BestFit,Insercao,Livres Ocupados,248
BestFit,Insercao,Livres Ocupados,262
BestFit,Insercao,Livres Ocupados,166
BestFit,Insercao,Livres Ocupados,178
BestFit,Insercao,Livres Ocupados,166
BestFit,Insercao,Livres Ocupados,145
BestFit,Insercao,Livres Ocupados,179
BestFit,Insercao,Livres Ocupados,147
BestFit,Insercao,Livres Ocupados,172
BestFit,Insercao,Livres Ocupados,205
BestFit,Insercao,Livres Ocupados,186
BestFit,Insercao,Livres Ocupados,167
BestFit,Insercao,Livres Ocupados,155
BestFit,Insercao,Livres Ocupados,204
BestFit,Insercao,Livres Ocupados,238
BestFit,Insercao,Livres Ocupados,151
BestFit,Insercao,Livres Ocupados,150
BestFit,Insercao,Livres Ocupados,206
BestFit,Insercao,Livres Ocupados,172
BestFit,Insercao,Livres Ocupados,160
BestFit,Insercao,Livres Ocupados,179
BestFit,Insercao,Livres Ocupados,174
BestFit,Insercao,Livres Ocupados,186
BestFit,Insercao,Livres Ocupados,183
BestFit,Insercao,Livres Ocupados,198
BestFit,Insercao,Livres Ocupados,190
BestFit,Insercao,Livres Ocupados,224
BestFit,Insercao,Livres Ocupados,159
BestFit,Insercao,Livres Ocupados,234
BestFit,Insercao,Livres Ocupados,173
BestFit,Insercao,Livres Ocupados,164
BestFit,Insercao,Livres Ocupados,214
BestFit,Insercao,Livres Ocupados,220
BestFit,Insercao,Livres Ocupados,266
BestFit,Insercao,Livres Ocupados,168
BestFit,Insercao,Livres Ocupados,208
BestFit,Insercao,Livres Ocupados,179
BestFit,Insercao,Livres Ocupados,179
BestFit,Insercao,Livres Ocupados,212
BestFit,Insercao,Livres Ocupados,177
BestFit,Insercao,Livres Ocupados,170
BestFit,Insercao,Livres Ocupados,180
BestFit,Insercao,Livres Ocupados,179
BestFit,Insercao,Livres Ocupados,177
BestFit,Insercao,Livres Ocupados,185
BestFit,Insercao,Livres Ocupados,194
BestFit,Insercao,Livres Ocupados,195
BestFit,Insercao,Livres Ocupados,202
BestFit,Insercao,Livres Ocupados,175
BestFit,Insercao,Livres Ocupados,189
BestFit,Insercao,Livres Ocupados,186
BestFit,Insercao,Livres Ocupados,193
BestFit,Insercao,Livres Ocupados,193
BestFit,Insercao,Livres Ocupados,212
BestFit,Insercao,Livres Ocupados,209
BestFit,Insercao,Livres Ocupados,178
BestFit,Insercao,Livres Ocupados,166
BestFit,Insercao,Livres Ocupados,275
BestFit,Insercao,Livres Ocupados,214
BestFit,Insercao,Livres Ocupados,174
BestFit,Insercao,Livres Ocupados,202
BestFit,Insercao,Livres Ocupados,243
BestFit,Insercao,Livres Ocupados,173
BestFit,Insercao,Livres Ocupados,248
BestFit,Insercao,Livres Ocupados,185
BestFit,Insercao,Livres Ocupados,174
BestFit,Insercao,Livres Ocupados,188
BestFit,Insercao,Livres Ocupados,180
BestFit,Insercao,Livres Ocupados,203
BestFit,Insercao,Livres Ocupados,148
BestFit,Insercao,Livres Ocupados,163
BestFit,Insercao,Livres Ocupados,167
BestFit,Insercao,Livres Ocupados,187
BestFit,Insercao,Livres Ocupados,219
BestFit,Insercao,Livres Ocupados,189
BestFit,Insercao,Livres Ocupados,194
BestFit,Insercao,Livres Ocupados,144
BestFit,Insercao,Livres Ocupados,183
BestFit,Insercao,Livres Ocupados,173
BestFit,Insercao,Livres Ocupados,183
BestFit,Insercao,Livres Ocupados,199
BestFit,Insercao,Livres Ocupados,226
BestFit,Insercao,Livres Ocupados,203
BestFit,Insercao,Livres Ocupados,175
BestFit,Insercao,Livres Ocupados,312
BestFit,Insercao,Livres Ocupados,364
BestFit,Insercao,Livres Ocupados,189
BestFit,Insercao,Livres Ocupados,151
BestFit,Insercao,Livres Ocupados,173
BestFit,Insercao,Livres Ocupados,186
BestFit,Insercao,Livres Ocupados,153
BestFit,Insercao,Livres Ocupados,165
BestFit,Insercao,Livres Ocupados,185
BestFit,Insercao,Livres Ocupados,228
BestFit,Insercao,Livres Ocupados,195
BestFit,Insercao,Livres Ocupados,308
BestFit,Insercao,Livres Ocupados,213
BestFit,Insercao,Livres Ocupados,183
BestFit,Insercao,Livres Ocupados,208
BestFit,Insercao,Livres Ocupados,205
BestFit,Insercao,Livres Ocupados,266
