BestFit,Insercao,Livres Ocupados,160
BestFit,Insercao,Livres Ocupados,163
BestFit,Insercao,Livres Ocupados,161
BestFit,Insercao,Livres Ocupados,141
BestFit,Insercao,Livres Ocupados,162
BestFit,Insercao,Livres Ocupados,151
BestFit,Insercao,Livres Ocupados,166
BestFit,Insercao,Livres Ocupados,176
BestFit,Insercao,Livres Ocupados,199
BestFit,Insercao,Livres Ocupados,167
BestFit,Insercao,Livres Ocupados,151
BestFit,Insercao,Livres Ocupados,159
BestFit,Insercao,Livres Ocupados,145
BestFit,Insercao,Livres Ocupados,171
BestFit,Insercao,Livres Ocupados,171
BestFit,Insercao,Livres Ocupados,148
BestFit,Insercao,Livres Ocupados,151
BestFit,Insercao,Livres Ocupados,139
BestFit,Insercao,Livres Ocupados,153
BestFit,Insercao,Livres Ocupados,156
BestFit,Insercao,Livres Ocupados,142
BestFit,Insercao,Livres Ocupados,201
BestFit,Insercao,Livres Ocupados,167
BestFit,Insercao,Livres Ocupados,165
BestFit,Insercao,Livres Ocupados,283
BestFit,Insercao,Livres Ocupados,143
BestFit,Insercao,Livres Ocupados,155
BestFit,Insercao,Livres Ocupados,160
BestFit,Insercao,Livres Ocupados,182
BestFit,Insercao,Livres Ocupados,185
BestFit,Insercao,Livres Ocupados,225
BestFit,Insercao,Livres Ocupados,177
BestFit,Insercao,Livres Ocupados,154
BestFit,Insercao,Livres Ocupados,234
BestFit,Insercao,Livres Ocupados,163
BestFit,Insercao,Livres Ocupados,224
BestFit,Insercao,Livres Ocupados,195
BestFit,Insercao,Livres Ocupados,173
BestFit,Insercao,Livres Ocupados,169
BestFit,Insercao,Livres Ocupados,233
BestFit,Insercao,Livres Ocupados,345
BestFit,Insercao,Livres Ocupados,174
BestFit,Insercao,Livres Ocupados,182
BestFit,Insercao,Livres Ocupados,169
BestFit,Insercao,Livres Ocupados,178
BestFit,Insercao,Livres Ocupados,209
BestFit,Insercao,Livres Ocupados,177
BestFit,Insercao,Livres Ocupados,176
BestFit,Insercao,Livres Ocupados,184
BestFit,Insercao,Livres Ocupados,187
BestFit,Insercao,Livres Ocupados,170
BestFit,Insercao,Livres Ocupados,171
BestFit,Insercao,Livres Ocupados,175
BestFit,Insercao,Livres Ocupados,205
BestFit,Insercao,Livres Ocupados,181
BestFit,Insercao,Livres Ocupados,174
BestFit,Insercao,Livres Ocupados,155
BestFit,Insercao,Livres Ocupados,250
BestFit,Insercao,Livres Ocupados,183
BestFit,Insercao,Livres Ocupados,164
BestFit,Insercao,Livres Ocupados,191
BestFit,Insercao,Livres Ocupados,189
BestFit,Insercao,Livres Ocupados,172
BestFit,Insercao,Livres Ocupados,181
BestFit,Insercao,Livres Ocupados,237
BestFit,Insercao,Livres Ocupados,173
BestFit,Insercao,Livres Ocupados,178
BestFit,Insercao,Livres Ocupados,177
BestFit,Insercao,Livres Ocupados,180
BestFit,Insercao,Livres Ocupados,283
BestFit,Insercao,Livres Ocupados,155
BestFit,Insercao,Livres Ocupados,206
BestFit,Insercao,Livres Ocupados,213
BestFit,Insercao,Livres Ocupados,178
BestFit,Insercao,Livres Ocupados,199
BestFit,Insercao,Livres Ocupados,173
BestFit,Insercao,Livres Ocupados,178
BestFit,Insercao,Livres Ocupados,191
BestFit,Insercao,Livres Ocupados,209
BestFit,Insercao,Livres Ocupados,188
BestFit,Insercao,Livres Ocupados,257
BestFit,Insercao,Livres Ocupados,191
BestFit,Insercao,Livres Ocupados,198
BestFit,Insercao,Livres Ocupados,216
BestFit,Insercao,Livres Ocupados,182
BestFit,Insercao,Livres Ocupados,169
BestFit,Insercao,Livres Ocupados,179
BestFit,Insercao,Livres Ocupados,191
BestFit,Insercao,Livres Ocupados,185
BestFit,Insercao,Livres Ocupados,169
BestFit,Insercao,Livres Ocupados,165
BestFit,Insercao,Livres Ocupados,205
BestFit,Insercao,Livres Ocupados,204
BestFit,Insercao,Livres Ocupados,209
BestFit,Insercao,Livres Ocupados,213
BestFit,Insercao,Livres Ocupados,190
BestFit,Insercao,Livres Ocupados,228
BestFit,Insercao,Livres Ocupados,180
BestFit,Insercao,Livres Ocupados,212
