FirstFit,Insercao,Livres Ocupados,3
FirstFit,Insercao,Livres Ocupados,2
FirstFit,Insercao,Livres Ocupados,6
FirstFit,Insercao,Livres Ocupados,10
FirstFit,Insercao,Livres Ocupados,4
FirstFit,Insercao,Livres Ocupados,6
FirstFit,Insercao,Livres Ocupados,7
FirstFit,Insercao,Livres Ocupados,38
FirstFit,Insercao,Livres Ocupados,7
FirstFit,Insercao,Livres Ocupados,12
FirstFit,Insercao,Livres Ocupados,14
FirstFit,Insercao,Livres Ocupados,25
FirstFit,Insercao,Livres Ocupados,39
FirstFit,Insercao,Livres Ocupados,8
FirstFit,Insercao,Livres Ocupados,42
FirstFit,Insercao,Livres Ocupados,48
FirstFit,Insercao,Livres Ocupados,55
FirstFit,Insercao,Livres Ocupados,57
FirstFit,Insercao,Livres Ocupados,8
FirstFit,Insercao,Livres Ocupados,55
FirstFit,Insercao,Livres Ocupados,69
FirstFit,Insercao,Livres Ocupados,51
FirstFit,Insercao,Livres Ocupados,9
FirstFit,Insercao,Livres Ocupados,6
FirstFit,Insercao,Livres Ocupados,8
FirstFit,Insercao,Livres Ocupados,63
FirstFit,Insercao,Livres Ocupados,13
FirstFit,Insercao,Livres Ocupados,256
FirstFit,Insercao,Livres Ocupados,60
FirstFit,Insercao,Livres Ocupados,109
FirstFit,Insercao,Livres Ocupados,62
FirstFit,Insercao,Livres Ocupados,16
FirstFit,Insercao,Livres Ocupados,237
FirstFit,Insercao,Livres Ocupados,27
FirstFit,Insercao,Livres Ocupados,74
FirstFit,Insercao,Livres Ocupados,32
FirstFit,Insercao,Livres Ocupados,20
FirstFit,Insercao,Livres Ocupados,33
FirstFit,Insercao,Livres Ocupados,40
FirstFit,Insercao,Livres Ocupados,55
FirstFit,Insercao,Livres Ocupados,91
FirstFit,Insercao,Livres Ocupados,16
FirstFit,Insercao,Livres Ocupados,63
FirstFit,Insercao,Livres Ocupados,138
FirstFit,Insercao,Livres Ocupados,75
FirstFit,Insercao,Livres Ocupados,85
FirstFit,Insercao,Livres Ocupados,51
FirstFit,Insercao,Livres Ocupados,14
FirstFit,Insercao,Livres Ocupados,49
FirstFit,Insercao,Livres Ocupados,13
FirstFit,Insercao,Livres Ocupados,118
FirstFit,Insercao,Livres Ocupados,60
FirstFit,Insercao,Livres Ocupados,19
FirstFit,Insercao,Livres Ocupados,26
FirstFit,Insercao,Livres Ocupados,178
FirstFit,Insercao,Livres Ocupados,94
FirstFit,Insercao,Livres Ocupados,264
FirstFit,Insercao,Livres Ocupados,64
FirstFit,Insercao,Livres Ocupados,106
FirstFit,Insercao,Livres Ocupados,117
FirstFit,Insercao,Livres Ocupados,145
FirstFit,Insercao,Livres Ocupados,97
FirstFit,Insercao,Livres Ocupados,234
FirstFit,Insercao,Livres Ocupados,59
FirstFit,Insercao,Livres Ocupados,21
FirstFit,Insercao,Livres Ocupados,152
FirstFit,Insercao,Livres Ocupados,27
FirstFit,Insercao,Livres Ocupados,36
FirstFit,Insercao,Livres Ocupados,210
FirstFit,Insercao,Livres Ocupados,207
FirstFit,Insercao,Livres Ocupados,30
FirstFit,Insercao,Livres Ocupados,33
FirstFit,Insercao,Livres Ocupados,88
FirstFit,Insercao,Livres Ocupados,101
FirstFit,Insercao,Livres Ocupados,253
FirstFit,Insercao,Livres Ocupados,136
FirstFit,Insercao,Livres Ocupados,117
FirstFit,Insercao,Livres Ocupados,122
FirstFit,Insercao,Livres Ocupados,34
FirstFit,Insercao,Livres Ocupados,84
FirstFit,Insercao,Livres Ocupados,122
FirstFit,Insercao,Livres Ocupados,212
FirstFit,Insercao,Livres Ocupados,187
FirstFit,Insercao,Livres Ocupados,169
FirstFit,Insercao,Livres Ocupados,261
FirstFit,Insercao,Livres Ocupados,146
FirstFit,Insercao,Livres Ocupados,178
FirstFit,Insercao,Livres Ocupados,236
FirstFit,Insercao,Livres Ocupados,237
FirstFit,Insercao,Livres Ocupados,349
FirstFit,Insercao,Livres Ocupados,76
FirstFit,Insercao,Livres Ocupados,119
FirstFit,Insercao,Livres Ocupados,155
FirstFit,Insercao,Livres Ocupados,166
FirstFit,Insercao,Livres Ocupados,203
FirstFit,Insercao,Livres Ocupados,76
FirstFit,Insercao,Livres Ocupados,219
FirstFit,Insercao,Livres Ocupados,45
