FirstFit,Insercao,Livres Ocupados,14
FirstFit,Insercao,Livres Ocupados,9
FirstFit,Insercao,Livres Ocupados,39
FirstFit,Insercao,Livres Ocupados,78
FirstFit,Insercao,Livres Ocupados,13
FirstFit,Insercao,Livres Ocupados,28
FirstFit,Insercao,Livres Ocupados,14
FirstFit,Insercao,Livres Ocupados,29
FirstFit,Insercao,Livres Ocupados,13
FirstFit,Insercao,Livres Ocupados,17
FirstFit,Insercao,Livres Ocupados,23
FirstFit,Insercao,Livres Ocupados,46
FirstFit,Insercao,Livres Ocupados,54
FirstFit,Insercao,Livres Ocupados,12
FirstFit,Insercao,Livres Ocupados,71
FirstFit,Insercao,Livres Ocupados,40
FirstFit,Insercao,Livres Ocupados,40
FirstFit,Insercao,Livres Ocupados,51
FirstFit,Insercao,Livres Ocupados,44
FirstFit,Insercao,Livres Ocupados,52
FirstFit,Insercao,Livres Ocupados,115
FirstFit,Insercao,Livres Ocupados,50
FirstFit,Insercao,Livres Ocupados,10
FirstFit,Insercao,Livres Ocupados,11
FirstFit,Insercao,Livres Ocupados,13
FirstFit,Insercao,Livres Ocupados,83
FirstFit,Insercao,Livres Ocupados,39
FirstFit,Insercao,Livres Ocupados,78
FirstFit,Insercao,Livres Ocupados,58
FirstFit,Insercao,Livres Ocupados,117
FirstFit,Insercao,Livres Ocupados,70
FirstFit,Insercao,Livres Ocupados,41
FirstFit,Insercao,Livres Ocupados,214
FirstFit,Insercao,Livres Ocupados,42
FirstFit,Insercao,Livres Ocupados,91
FirstFit,Insercao,Livres Ocupados,71
FirstFit,Insercao,Livres Ocupados,23
FirstFit,Insercao,Livres Ocupados,77
FirstFit,Insercao,Livres Ocupados,75
FirstFit,Insercao,Livres Ocupados,88
FirstFit,Insercao,Livres Ocupados,73
FirstFit,Insercao,Livres Ocupados,23
FirstFit,Insercao,Livres Ocupados,69
FirstFit,Insercao,Livres Ocupados,95
FirstFit,Insercao,Livres Ocupados,130
FirstFit,Insercao,Livres Ocupados,214
FirstFit,Insercao,Livres Ocupados,109
FirstFit,Insercao,Livres Ocupados,33
FirstFit,Insercao,Livres Ocupados,48
FirstFit,Insercao,Livres Ocupados,7
FirstFit,Insercao,Livres Ocupados,104
FirstFit,Insercao,Livres Ocupados,113
FirstFit,Insercao,Livres Ocupados,11
FirstFit,Insercao,Livres Ocupados,40
FirstFit,Insercao,Livres Ocupados,111
FirstFit,Insercao,Livres Ocupados,103
FirstFit,Insercao,Livres Ocupados,143
FirstFit,Insercao,Livres Ocupados,64
FirstFit,Insercao,Livres Ocupados,131
FirstFit,Insercao,Livres Ocupados,116
FirstFit,Insercao,Livres Ocupados,195
FirstFit,Insercao,Livres Ocupados,99
FirstFit,Insercao,Livres Ocupados,152
FirstFit,Insercao,Livres Ocupados,65
FirstFit,Insercao,Livres Ocupados,13
FirstFit,Insercao,Livres Ocupados,182
FirstFit,Insercao,Livres Ocupados,18
FirstFit,Insercao,Livres Ocupados,49
FirstFit,Insercao,Livres Ocupados,147
FirstFit,Insercao,Livres Ocupados,180
FirstFit,Insercao,Livres Ocupados,147
FirstFit,Insercao,Livres Ocupados,206
FirstFit,Insercao,Livres Ocupados,47
FirstFit,Insercao,Livres Ocupados,61
FirstFit,Insercao,Livres Ocupados,96
FirstFit,Insercao,Livres Ocupados,123
FirstFit,Insercao,Livres Ocupados,199
FirstFit,Insercao,Livres Ocupados,164
FirstFit,Insercao,Livres Ocupados,124
FirstFit,Insercao,Livres Ocupados,161
FirstFit,Insercao,Livres Ocupados,99
FirstFit,Insercao,Livres Ocupados,29
FirstFit,Insercao,Livres Ocupados,94
FirstFit,Insercao,Livres Ocupados,183
FirstFit,Insercao,Livres Ocupados,184
FirstFit,Insercao,Livres Ocupados,117
FirstFit,Insercao,Livres Ocupados,162
FirstFit,Insercao,Livres Ocupados,194
FirstFit,Insercao,Livres Ocupados,101
FirstFit,Insercao,Livres Ocupados,165
FirstFit,Insercao,Livres Ocupados,230
FirstFit,Insercao,Livres Ocupados,184
FirstFit,Insercao,Livres Ocupados,207
FirstFit,Insercao,Livres Ocupados,91
FirstFit,Insercao,Livres Ocupados,95
FirstFit,Insercao,Livres Ocupados,102
FirstFit,Insercao,Livres Ocupados,108
FirstFit,Insercao,Livres Ocupados,204
FirstFit,Insercao,Livres Ocupados,54
FirstFit,Insercao,Livres Ocupados,111
FirstFit,Insercao,Livres Ocupados,44
