WorstFit,Insercao,Livres Ocupados,216
WorstFit,Insercao,Livres Ocupados,242
WorstFit,Insercao,Livres Ocupados,295
WorstFit,Insercao,Livres Ocupados,186
WorstFit,Insercao,Livres Ocupados,185
WorstFit,Insercao,Livres Ocupados,172
WorstFit,Insercao,Livres Ocupados,176
WorstFit,Insercao,Livres Ocupados,169
WorstFit,Insercao,Livres Ocupados,168
WorstFit,Insercao,Livres Ocupados,234
WorstFit,Insercao,Livres Ocupados,206
WorstFit,Insercao,Livres Ocupados,262
WorstFit,Insercao,Livres Ocupados,205
WorstFit,Insercao,Livres Ocupados,255
WorstFit,Insercao,Livres Ocupados,205
WorstFit,Insercao,Livres Ocupados,169
WorstFit,Insercao,Livres Ocupados,182
WorstFit,Insercao,Livres Ocupados,252
WorstFit,Insercao,Livres Ocupados,209
WorstFit,Insercao,Livres Ocupados,181
WorstFit,Insercao,Livres Ocupados,176
WorstFit,Insercao,Livres Ocupados,215
WorstFit,Insercao,Livres Ocupados,255
WorstFit,Insercao,Livres Ocupados,217
WorstFit,Insercao,Livres Ocupados,188
WorstFit,Insercao,Livres Ocupados,172
WorstFit,Insercao,Livres Ocupados,219
WorstFit,Insercao,Livres Ocupados,194
WorstFit,Insercao,Livres Ocupados,199
WorstFit,Insercao,Livres Ocupados,241
WorstFit,Insercao,Livres Ocupados,180
WorstFit,Insercao,Livres Ocupados,180
WorstFit,Insercao,Livres Ocupados,187
WorstFit,Insercao,Livres Ocupados,225
WorstFit,Insercao,Livres Ocupados,195
WorstFit,Insercao,Livres Ocupados,173
WorstFit,Insercao,Livres Ocupados,177
WorstFit,Insercao,Livres Ocupados,205
WorstFit,Insercao,Livres Ocupados,178
WorstFit,Insercao,Livres Ocupados,185
WorstFit,Insercao,Livres Ocupados,232
WorstFit,Insercao,Livres Ocupados,194
WorstFit,Insercao,Livres Ocupados,227
WorstFit,Insercao,Livres Ocupados,255
WorstFit,Insercao,Livres Ocupados,229
WorstFit,Insercao,Livres Ocupados,211
WorstFit,Insercao,Livres Ocupados,209
WorstFit,Insercao,Livres Ocupados,198
WorstFit,Insercao,Livres Ocupados,228
WorstFit,Insercao,Livres Ocupados,218
WorstFit,Insercao,Livres Ocupados,285
WorstFit,Insercao,Livres Ocupados,220
WorstFit,Insercao,Livres Ocupados,229
WorstFit,Insercao,Livres Ocupados,211
WorstFit,Insercao,Livres Ocupados,201
WorstFit,Insercao,Livres Ocupados,193
WorstFit,Insercao,Livres Ocupados,195
WorstFit,Insercao,Livres Ocupados,203
WorstFit,Insercao,Livres Ocupados,204
WorstFit,Insercao,Livres Ocupados,207
WorstFit,Insercao,Livres Ocupados,201
WorstFit,Insercao,Livres Ocupados,213
WorstFit,Insercao,Livres Ocupados,198
WorstFit,Insercao,Livres Ocupados,198
WorstFit,Insercao,Livres Ocupados,209
WorstFit,Insercao,Livres Ocupados,203
WorstFit,Insercao,Livres Ocupados,196
WorstFit,Insercao,Livres Ocupados,257
WorstFit,Insercao,Livres Ocupados,185
WorstFit,Insercao,Livres Ocupados,195
WorstFit,Insercao,Livres Ocupados,364
WorstFit,Insercao,Livres Ocupados,268
WorstFit,Insercao,Livres Ocupados,224
WorstFit,Insercao,Livres Ocupados,215
WorstFit,Insercao,Livres Ocupados,249
WorstFit,Insercao,Livres Ocupados,198
WorstFit,Insercao,Livres Ocupados,199
WorstFit,Insercao,Livres Ocupados,202
WorstFit,Insercao,Livres Ocupados,200
WorstFit,Insercao,Livres Ocupados,203
WorstFit,Insercao,Livres Ocupados,204
WorstFit,Insercao,Livres Ocupados,241
WorstFit,Insercao,Livres Ocupados,265
WorstFit,Insercao,Livres Ocupados,214
