FirstFit,Insercao,Livres Ocupados,5
FirstFit,Insercao,Livres Ocupados,5
FirstFit,Insercao,Livres Ocupados,18
FirstFit,Insercao,Livres Ocupados,110
FirstFit,Insercao,Livres Ocupados,14
FirstFit,Insercao,Livres Ocupados,19
FirstFit,Insercao,Livres Ocupados,17
FirstFit,Insercao,Livres Ocupados,29
FirstFit,Insercao,Livres Ocupados,18
FirstFit,Insercao,Livres Ocupados,20
FirstFit,Insercao,Livres Ocupados,20
FirstFit,Insercao,Livres Ocupados,31
FirstFit,Insercao,Livres Ocupados,37
FirstFit,Insercao,Livres Ocupados,16
FirstFit,Insercao,Livres Ocupados,43
FirstFit,Insercao,Livres Ocupados,40
FirstFit,Insercao,Livres Ocupados,50
FirstFit,Insercao,Livres Ocupados,43
FirstFit,Insercao,Livres Ocupados,49
FirstFit,Insercao,Livres Ocupados,51
FirstFit,Insercao,Livres Ocupados,48
FirstFit,Insercao,Livres Ocupados,52
FirstFit,Insercao,Livres Ocupados,42
FirstFit,Insercao,Livres Ocupados,19
FirstFit,Insercao,Livres Ocupados,22
FirstFit,Insercao,Livres Ocupados,80
FirstFit,Insercao,Livres Ocupados,52
FirstFit,Insercao,Livres Ocupados,109
FirstFit,Insercao,Livres Ocupados,53
FirstFit,Insercao,Livres Ocupados,94
FirstFit,Insercao,Livres Ocupados,108
FirstFit,Insercao,Livres Ocupados,46
FirstFit,Insercao,Livres Ocupados,137
FirstFit,Insercao,Livres Ocupados,56
FirstFit,Insercao,Livres Ocupados,106
FirstFit,Insercao,Livres Ocupados,72
FirstFit,Insercao,Livres Ocupados,21
FirstFit,Insercao,Livres Ocupados,77
FirstFit,Insercao,Livres Ocupados,99
FirstFit,Insercao,Livres Ocupados,112
FirstFit,Insercao,Livres Ocupados,98
FirstFit,Insercao,Livres Ocupados,22
FirstFit,Insercao,Livres Ocupados,94
FirstFit,Insercao,Livres Ocupados,107
FirstFit,Insercao,Livres Ocupados,109
FirstFit,Insercao,Livres Ocupados,120
FirstFit,Insercao,Livres Ocupados,79
FirstFit,Insercao,Livres Ocupados,27
FirstFit,Insercao,Livres Ocupados,51
FirstFit,Insercao,Livres Ocupados,18
FirstFit,Insercao,Livres Ocupados,118
FirstFit,Insercao,Livres Ocupados,85
FirstFit,Insercao,Livres Ocupados,23
FirstFit,Insercao,Livres Ocupados,29
FirstFit,Insercao,Livres Ocupados,128
FirstFit,Insercao,Livres Ocupados,114
FirstFit,Insercao,Livres Ocupados,125
FirstFit,Insercao,Livres Ocupados,59
FirstFit,Insercao,Livres Ocupados,120
FirstFit,Insercao,Livres Ocupados,125
FirstFit,Insercao,Livres Ocupados,125
FirstFit,Insercao,Livres Ocupados,99
FirstFit,Insercao,Livres Ocupados,135
FirstFit,Insercao,Livres Ocupados,76
FirstFit,Insercao,Livres Ocupados,26
FirstFit,Insercao,Livres Ocupados,161
FirstFit,Insercao,Livres Ocupados,28
FirstFit,Insercao,Livres Ocupados,41
FirstFit,Insercao,Livres Ocupados,136
FirstFit,Insercao,Livres Ocupados,170
FirstFit,Insercao,Livres Ocupados,136
FirstFit,Insercao,Livres Ocupados,161
FirstFit,Insercao,Livres Ocupados,46
FirstFit,Insercao,Livres Ocupados,46
FirstFit,Insercao,Livres Ocupados,84
FirstFit,Insercao,Livres Ocupados,126
FirstFit,Insercao,Livres Ocupados,168
FirstFit,Insercao,Livres Ocupados,144
FirstFit,Insercao,Livres Ocupados,163
FirstFit,Insercao,Livres Ocupados,142
FirstFit,Insercao,Livres Ocupados,93
FirstFit,Insercao,Livres Ocupados,28
FirstFit,Insercao,Livres Ocupados,45
FirstFit,Insercao,Livres Ocupados,152
FirstFit,Insercao,Livres Ocupados,165
FirstFit,Insercao,Livres Ocupados,99
FirstFit,Insercao,Livres Ocupados,159
FirstFit,Insercao,Livres Ocupados,216
FirstFit,Insercao,Livres Ocupados,107
FirstFit,Insercao,Livres Ocupados,117
FirstFit,Insercao,Livres Ocupados,249
FirstFit,Insercao,Livres Ocupados,202
FirstFit,Insercao,Livres Ocupados,186
FirstFit,Insercao,Livres Ocupados,51
FirstFit,Insercao,Livres Ocupados,50
FirstFit,Insercao,Livres Ocupados,53
FirstFit,Insercao,Livres Ocupados,108
FirstFit,Insercao,Livres Ocupados,322
FirstFit,Insercao,Livres Ocupados,35
FirstFit,Insercao,Livres Ocupados,108
FirstFit,Insercao,Livres Ocupados,46
