BestFit,Insercao,Livres Ocupados,157
BestFit,Insercao,Livres Ocupados,182
BestFit,Insercao,Livres Ocupados,169
BestFit,Insercao,Livres Ocupados,142
BestFit,Insercao,Livres Ocupados,186
BestFit,Insercao,Livres Ocupados,159
BestFit,Insercao,Livres Ocupados,199
BestFit,Insercao,Livres Ocupados,153
BestFit,Insercao,Livres Ocupados,155
BestFit,Insercao,Livres Ocupados,160
BestFit,Insercao,Livres Ocupados,181
BestFit,Insercao,Livres Ocupados,175
BestFit,Insercao,Livres Ocupados,179
BestFit,Insercao,Livres Ocupados,216
BestFit,Insercao,Livres Ocupados,205
BestFit,Insercao,Livres Ocupados,160
BestFit,Insercao,Livres Ocupados,264
BestFit,Insercao,Livres Ocupados,152
BestFit,Insercao,Livres Ocupados,421
BestFit,Insercao,Livres Ocupados,168
BestFit,Insercao,Livres Ocupados,155
BestFit,Insercao,Livres Ocupados,165
BestFit,Insercao,Livres Ocupados,163
BestFit,Insercao,Livres Ocupados,160
BestFit,Insercao,Livres Ocupados,196
BestFit,Insercao,Livres Ocupados,170
BestFit,Insercao,Livres Ocupados,187
BestFit,Insercao,Livres Ocupados,143
BestFit,Insercao,Livres Ocupados,174
BestFit,Insercao,Livres Ocupados,160
BestFit,Insercao,Livres Ocupados,164
BestFit,Insercao,Livres Ocupados,179
BestFit,Insercao,Livres Ocupados,163
BestFit,Insercao,Livres Ocupados,180
BestFit,Insercao,Livres Ocupados,172
BestFit,Insercao,Livres Ocupados,212
BestFit,Insercao,Livres Ocupados,177
BestFit,Insercao,Livres Ocupados,212
BestFit,Insercao,Livres Ocupados,185
BestFit,Insercao,Livres Ocupados,182
BestFit,Insercao,Livres Ocupados,204
BestFit,Insercao,Livres Ocupados,206
BestFit,Insercao,Livres Ocupados,223
BestFit,Insercao,Livres Ocupados,174
BestFit,Insercao,Livres Ocupados,162
BestFit,Insercao,Livres Ocupados,257
BestFit,Insercao,Livres Ocupados,219
BestFit,Insercao,Livres Ocupados,189
BestFit,Insercao,Livres Ocupados,206
BestFit,Insercao,Livres Ocupados,196
BestFit,Insercao,Livres Ocupados,175
BestFit,Insercao,Livres Ocupados,183
BestFit,Insercao,Livres Ocupados,194
BestFit,Insercao,Livres Ocupados,199
BestFit,Insercao,Livres Ocupados,180
BestFit,Insercao,Livres Ocupados,185
BestFit,Insercao,Livres Ocupados,167
BestFit,Insercao,Livres Ocupados,224
BestFit,Insercao,Livres Ocupados,260
BestFit,Insercao,Livres Ocupados,171
BestFit,Insercao,Livres Ocupados,336
BestFit,Insercao,Livres Ocupados,206
BestFit,Insercao,Livres Ocupados,203
BestFit,Insercao,Livres Ocupados,216
BestFit,Insercao,Livres Ocupados,212
BestFit,Insercao,Livres Ocupados,167
BestFit,Insercao,Livres Ocupados,198
BestFit,Insercao,Livres Ocupados,250
BestFit,Insercao,Livres Ocupados,189
BestFit,Insercao,Livres Ocupados,185
BestFit,Insercao,Livres Ocupados,168
BestFit,Insercao,Livres Ocupados,216
BestFit,Insercao,Livres Ocupados,214
BestFit,Insercao,Livres Ocupados,210
BestFit,Insercao,Livres Ocupados,183
BestFit,Insercao,Livres Ocupados,180
BestFit,Insercao,Livres Ocupados,177
BestFit,Insercao,Livres Ocupados,165
BestFit,Insercao,Livres Ocupados,179
BestFit,Insercao,Livres Ocupados,212
BestFit,Insercao,Livres Ocupados,197
BestFit,Insercao,Livres Ocupados,219
BestFit,Insercao,Livres Ocupados,230
BestFit,Insercao,Livres Ocupados,176
BestFit,Insercao,Livres Ocupados,266
BestFit,Insercao,Livres Ocupados,176
BestFit,Insercao,Livres Ocupados,220
BestFit,Insercao,Livres Ocupados,192
BestFit,Insercao,Livres Ocupados,201
BestFit,Insercao,Livres Ocupados,183
BestFit,Insercao,Livres Ocupados,179
BestFit,Insercao,Livres Ocupados,182
BestFit,Insercao,Livres Ocupados,404
BestFit,Insercao,Livres Ocupados,214
BestFit,Insercao,Livres Ocupados,211
BestFit,Insercao,Livres Ocupados,216
BestFit,Insercao,Livres Ocupados,177
BestFit,Insercao,Livres Ocupados,258
BestFit,Insercao,Livres Ocupados,198
BestFit,Insercao,Livres Ocupados,222
