WorstFit,Insercao,Livres Ocupados,132
WorstFit,Insercao,Livres Ocupados,134
WorstFit,Insercao,Livres Ocupados,128
WorstFit,Insercao,Livres Ocupados,127
WorstFit,Insercao,Livres Ocupados,131
WorstFit,Insercao,Livres Ocupados,131
WorstFit,Insercao,Livres Ocupados,130
WorstFit,Insercao,Livres Ocupados,126
WorstFit,Insercao,Livres Ocupados,134
WorstFit,Insercao,Livres Ocupados,130
WorstFit,Insercao,Livres Ocupados,134
WorstFit,Insercao,Livres Ocupados,137
WorstFit,Insercao,Livres Ocupados,138
WorstFit,Insercao,Livres Ocupados,139
WorstFit,Insercao,Livres Ocupados,135
WorstFit,Insercao,Livres Ocupados,138
WorstFit,Insercao,Livres Ocupados,139
WorstFit,Insercao,Livres Ocupados,134
WorstFit,Insercao,Livres Ocupados,137
WorstFit,Insercao,Livres Ocupados,143
WorstFit,Insercao,Livres Ocupados,217
WorstFit,Insercao,Livres Ocupados,145
WorstFit,Insercao,Livres Ocupados,130
WorstFit,Insercao,Livres Ocupados,128
WorstFit,Insercao,Livres Ocupados,131
WorstFit,Insercao,Livres Ocupados,132
WorstFit,Insercao,Livres Ocupados,132
WorstFit,Insercao,Livres Ocupados,150
WorstFit,Insercao,Livres Ocupados,134
WorstFit,Insercao,Livres Ocupados,134
WorstFit,Insercao,Livres Ocupados,169
WorstFit,Insercao,Livres Ocupados,135
WorstFit,Insercao,Livres Ocupados,129
WorstFit,Insercao,Livres Ocupados,172
WorstFit,Insercao,Livres Ocupados,133
WorstFit,Insercao,Livres Ocupados,130
WorstFit,Insercao,Livres Ocupados,132
WorstFit,Insercao,Livres Ocupados,131
WorstFit,Insercao,Livres Ocupados,128
WorstFit,Insercao,Livres Ocupados,136
WorstFit,Insercao,Livres Ocupados,139
WorstFit,Insercao,Livres Ocupados,146
WorstFit,Insercao,Livres Ocupados,131
WorstFit,Insercao,Livres Ocupados,130
WorstFit,Insercao,Livres Ocupados,132
WorstFit,Insercao,Livres Ocupados,138
WorstFit,Insercao,Livres Ocupados,137
WorstFit,Insercao,Livres Ocupados,144
WorstFit,Insercao,Livres Ocupados,145
WorstFit,Insercao,Livres Ocupados,128
WorstFit,Insercao,Livres Ocupados,149
WorstFit,Insercao,Livres Ocupados,135
WorstFit,Insercao,Livres Ocupados,130
WorstFit,Insercao,Livres Ocupados,129
WorstFit,Insercao,Livres Ocupados,142
WorstFit,Insercao,Livres Ocupados,134
WorstFit,Insercao,Livres Ocupados,135
WorstFit,Insercao,Livres Ocupados,133
WorstFit,Insercao,Livres Ocupados,130
WorstFit,Insercao,Livres Ocupados,130
WorstFit,Insercao,Livres Ocupados,130
WorstFit,Insercao,Livres Ocupados,133
WorstFit,Insercao,Livres Ocupados,132
WorstFit,Insercao,Livres Ocupados,137
WorstFit,Insercao,Livres Ocupados,128
WorstFit,Insercao,Livres Ocupados,136
WorstFit,Insercao,Livres Ocupados,144
WorstFit,Insercao,Livres Ocupados,142
WorstFit,Insercao,Livres Ocupados,248
WorstFit,Insercao,Livres Ocupados,134
WorstFit,Insercao,Livres Ocupados,137
WorstFit,Insercao,Livres Ocupados,133
WorstFit,Insercao,Livres Ocupados,133
WorstFit,Insercao,Livres Ocupados,140
WorstFit,Insercao,Livres Ocupados,131
WorstFit,Insercao,Livres Ocupados,164
WorstFit,Insercao,Livres Ocupados,138
WorstFit,Insercao,Livres Ocupados,135
WorstFit,Insercao,Livres Ocupados,139
WorstFit,Insercao,Livres Ocupados,142
WorstFit,Insercao,Livres Ocupados,142
WorstFit,Insercao,Livres Ocupados,135
WorstFit,Insercao,Livres Ocupados,136
WorstFit,Insercao,Livres Ocupados,139
WorstFit,Insercao,Livres Ocupados,140
WorstFit,Insercao,Livres Ocupados,154
WorstFit,Insercao,Livres Ocupados,135
WorstFit,Insercao,Livres Ocupados,142
WorstFit,Insercao,Livres Ocupados,139
WorstFit,Insercao,Livres Ocupados,135
WorstFit,Insercao,Livres Ocupados,187
WorstFit,Insercao,Livres Ocupados,139
WorstFit,Insercao,Livres Ocupados,139
WorstFit,Insercao,Livres Ocupados,138
WorstFit,Insercao,Livres Ocupados,169
WorstFit,Insercao,Livres Ocupados,140
WorstFit,Insercao,Livres Ocupados,140
WorstFit,Insercao,Livres Ocupados,143
WorstFit,Insercao,Livres Ocupados,139
WorstFit,Insercao,Livres Ocupados,220
WorstFit,Insercao,Livres Ocupados,142
