WorstFit,Insercao,Livres Ocupados,170
WorstFit,Insercao,Livres Ocupados,167
WorstFit,Insercao,Livres Ocupados,179
WorstFit,Insercao,Livres Ocupados,178
WorstFit,Insercao,Livres Ocupados,196
WorstFit,Insercao,Livres Ocupados,174
WorstFit,Insercao,Livres Ocupados,185
WorstFit,Insercao,Livres Ocupados,175
WorstFit,Insercao,Livres Ocupados,180
WorstFit,Insercao,Livres Ocupados,176
WorstFit,Insercao,Livres Ocupados,191
WorstFit,Insercao,Livres Ocupados,322
WorstFit,Insercao,Livres Ocupados,208
WorstFit,Insercao,Livres Ocupados,222
WorstFit,Insercao,Livres Ocupados,210
WorstFit,Insercao,Livres Ocupados,191
WorstFit,Insercao,Livres Ocupados,197
WorstFit,Insercao,Livres Ocupados,200
WorstFit,Insercao,Livres Ocupados,178
WorstFit,Insercao,Livres Ocupados,177
WorstFit,Insercao,Livres Ocupados,205
WorstFit,Insercao,Livres Ocupados,182
WorstFit,Insercao,Livres Ocupados,184
WorstFit,Insercao,Livres Ocupados,189
WorstFit,Insercao,Livres Ocupados,206
WorstFit,Insercao,Livres Ocupados,175
WorstFit,Insercao,Livres Ocupados,203
WorstFit,Insercao,Livres Ocupados,198
WorstFit,Insercao,Livres Ocupados,177
WorstFit,Insercao,Livres Ocupados,184
WorstFit,Insercao,Livres Ocupados,201
WorstFit,Insercao,Livres Ocupados,192
WorstFit,Insercao,Livres Ocupados,189
WorstFit,Insercao,Livres Ocupados,203
WorstFit,Insercao,Livres Ocupados,209
WorstFit,Insercao,Livres Ocupados,194
WorstFit,Insercao,Livres Ocupados,197
WorstFit,Insercao,Livres Ocupados,214
WorstFit,Insercao,Livres Ocupados,205
WorstFit,Insercao,Livres Ocupados,260
WorstFit,Insercao,Livres Ocupados,217
WorstFit,Insercao,Livres Ocupados,196
WorstFit,Insercao,Livres Ocupados,222
WorstFit,Insercao,Livres Ocupados,239
WorstFit,Insercao,Livres Ocupados,221
WorstFit,Insercao,Livres Ocupados,230
WorstFit,Insercao,Livres Ocupados,211
WorstFit,Insercao,Livres Ocupados,209
WorstFit,Insercao,Livres Ocupados,204
WorstFit,Insercao,Livres Ocupados,196
WorstFit,Insercao,Livres Ocupados,204
WorstFit,Insercao,Livres Ocupados,194
WorstFit,Insercao,Livres Ocupados,214
WorstFit,Insercao,Livres Ocupados,207
WorstFit,Insercao,Livres Ocupados,209
WorstFit,Insercao,Livres Ocupados,208
WorstFit,Insercao,Livres Ocupados,218
WorstFit,Insercao,Livres Ocupados,247
WorstFit,Insercao,Livres Ocupados,212
WorstFit,Insercao,Livres Ocupados,217
WorstFit,Insercao,Livres Ocupados,194
WorstFit,Insercao,Livres Ocupados,236
WorstFit,Insercao,Livres Ocupados,296
WorstFit,Insercao,Livres Ocupados,220
WorstFit,Insercao,Livres Ocupados,212
WorstFit,Insercao,Livres Ocupados,217
WorstFit,Insercao,Livres Ocupados,227
WorstFit,Insercao,Livres Ocupados,217
WorstFit,Insercao,Livres Ocupados,209
WorstFit,Insercao,Livres Ocupados,226
WorstFit,Insercao,Livres Ocupados,207
WorstFit,Insercao,Livres Ocupados,281
WorstFit,Insercao,Livres Ocupados,229
WorstFit,Insercao,Livres Ocupados,214
WorstFit,Insercao,Livres Ocupados,234
WorstFit,Insercao,Livres Ocupados,241
WorstFit,Insercao,Livres Ocupados,232
WorstFit,Insercao,Livres Ocupados,227
