WorstFit,Insercao,Livres Ocupados,209
WorstFit,Insercao,Livres Ocupados,168
WorstFit,Insercao,Livres Ocupados,162
WorstFit,Insercao,Livres Ocupados,186
WorstFit,Insercao,Livres Ocupados,165
WorstFit,Insercao,Livres Ocupados,162
WorstFit,Insercao,Livres Ocupados,175
WorstFit,Insercao,Livres Ocupados,203
WorstFit,Insercao,Livres Ocupados,169
WorstFit,Insercao,Livres Ocupados,277
WorstFit,Insercao,Livres Ocupados,160
WorstFit,Insercao,Livres Ocupados,167
WorstFit,Insercao,Livres Ocupados,175
WorstFit,Insercao,Livres Ocupados,165
WorstFit,Insercao,Livres Ocupados,170
WorstFit,Insercao,Livres Ocupados,168
WorstFit,Insercao,Livres Ocupados,169
WorstFit,Insercao,Livres Ocupados,159
WorstFit,Insercao,Livres Ocupados,203
WorstFit,Insercao,Livres Ocupados,191
WorstFit,Insercao,Livres Ocupados,168
WorstFit,Insercao,Livres Ocupados,299
WorstFit,Insercao,Livres Ocupados,169
WorstFit,Insercao,Livres Ocupados,174
WorstFit,Insercao,Livres Ocupados,179
WorstFit,Insercao,Livres Ocupados,174
WorstFit,Insercao,Livres Ocupados,175
WorstFit,Insercao,Livres Ocupados,189
WorstFit,Insercao,Livres Ocupados,180
WorstFit,Insercao,Livres Ocupados,191
WorstFit,Insercao,Livres Ocupados,187
WorstFit,Insercao,Livres Ocupados,192
WorstFit,Insercao,Livres Ocupados,185
WorstFit,Insercao,Livres Ocupados,229
WorstFit,Insercao,Livres Ocupados,254
WorstFit,Insercao,Livres Ocupados,227
WorstFit,Insercao,Livres Ocupados,193
WorstFit,Insercao,Livres Ocupados,207
WorstFit,Insercao,Livres Ocupados,204
WorstFit,Insercao,Livres Ocupados,205
WorstFit,Insercao,Livres Ocupados,231
WorstFit,Insercao,Livres Ocupados,215
WorstFit,Insercao,Livres Ocupados,193
WorstFit,Insercao,Livres Ocupados,180
WorstFit,Insercao,Livres Ocupados,189
WorstFit,Insercao,Livres Ocupados,198
WorstFit,Insercao,Livres Ocupados,216
WorstFit,Insercao,Livres Ocupados,224
WorstFit,Insercao,Livres Ocupados,273
WorstFit,Insercao,Livres Ocupados,477
WorstFit,Insercao,Livres Ocupados,197
WorstFit,Insercao,Livres Ocupados,195
WorstFit,Insercao,Livres Ocupados,202
WorstFit,Insercao,Livres Ocupados,193
WorstFit,Insercao,Livres Ocupados,466
WorstFit,Insercao,Livres Ocupados,201
WorstFit,Insercao,Livres Ocupados,221
WorstFit,Insercao,Livres Ocupados,209
WorstFit,Insercao,Livres Ocupados,214
WorstFit,Insercao,Livres Ocupados,200
WorstFit,Insercao,Livres Ocupados,217
WorstFit,Insercao,Livres Ocupados,213
WorstFit,Insercao,Livres Ocupados,225
WorstFit,Insercao,Livres Ocupados,238
WorstFit,Insercao,Livres Ocupados,203
WorstFit,Insercao,Livres Ocupados,212
WorstFit,Insercao,Livres Ocupados,206
WorstFit,Insercao,Livres Ocupados,433
WorstFit,Insercao,Livres Ocupados,216
WorstFit,Insercao,Livres Ocupados,216
WorstFit,Insercao,Livres Ocupados,232
WorstFit,Insercao,Livres Ocupados,210
WorstFit,Insercao,Livres Ocupados,230
WorstFit,Insercao,Livres Ocupados,201
WorstFit,Insercao,Livres Ocupados,237
WorstFit,Insercao,Livres Ocupados,209
WorstFit,Insercao,Livres Ocupados,205
WorstFit,Insercao,Livres Ocupados,210
WorstFit,Insercao,Livres Ocupados,229
WorstFit,Insercao,Livres Ocupados,288
WorstFit,Insercao,Livres Ocupados,209
WorstFit,Insercao,Livres Ocupados,244
WorstFit,Insercao,Livres Ocupados,246
WorstFit,Insercao,Livres Ocupados,244
