WorstFit,Insercao,Livres Ocupados,120
WorstFit,Insercao,Livres Ocupados,123
WorstFit,Insercao,Livres Ocupados,120
WorstFit,Insercao,Livres Ocupados,121
WorstFit,Insercao,Livres Ocupados,122
WorstFit,Insercao,Livres Ocupados,142
WorstFit,Insercao,Livres Ocupados,133
WorstFit,Insercao,Livres Ocupados,123
WorstFit,Insercao,Livres Ocupados,123
WorstFit,Insercao,Livres Ocupados,210
WorstFit,Insercao,Livres Ocupados,124
WorstFit,Insercao,Livres Ocupados,127
WorstFit,Insercao,Livres Ocupados,123
WorstFit,Insercao,Livres Ocupados,121
WorstFit,Insercao,Livres Ocupados,122
WorstFit,Insercao,Livres Ocupados,121
WorstFit,Insercao,Livres Ocupados,126
WorstFit,Insercao,Livres Ocupados,127
WorstFit,Insercao,Livres Ocupados,126
WorstFit,Insercao,Livres Ocupados,125
WorstFit,Insercao,Livres Ocupados,125
WorstFit,Insercao,Livres Ocupados,132
WorstFit,Insercao,Livres Ocupados,157
WorstFit,Insercao,Livres Ocupados,126
WorstFit,Insercao,Livres Ocupados,123
WorstFit,Insercao,Livres Ocupados,121
WorstFit,Insercao,Livres Ocupados,125
WorstFit,Insercao,Livres Ocupados,132
WorstFit,Insercao,Livres Ocupados,127
WorstFit,Insercao,Livres Ocupados,129
WorstFit,Insercao,Livres Ocupados,133
WorstFit,Insercao,Livres Ocupados,124
WorstFit,Insercao,Livres Ocupados,122
WorstFit,Insercao,Livres Ocupados,124
WorstFit,Insercao,Livres Ocupados,126
WorstFit,Insercao,Livres Ocupados,130
WorstFit,Insercao,Livres Ocupados,118
WorstFit,Insercao,Livres Ocupados,120
WorstFit,Insercao,Livres Ocupados,125
WorstFit,Insercao,Livres Ocupados,126
WorstFit,Insercao,Livres Ocupados,124
WorstFit,Insercao,Livres Ocupados,125
WorstFit,Insercao,Livres Ocupados,122
WorstFit,Insercao,Livres Ocupados,125
WorstFit,Insercao,Livres Ocupados,123
WorstFit,Insercao,Livres Ocupados,121
WorstFit,Insercao,Livres Ocupados,129
WorstFit,Insercao,Livres Ocupados,127
WorstFit,Insercao,Livres Ocupados,123
WorstFit,Insercao,Livres Ocupados,128
WorstFit,Insercao,Livres Ocupados,128
WorstFit,Insercao,Livres Ocupados,133
WorstFit,Insercao,Livres Ocupados,127
WorstFit,Insercao,Livres Ocupados,136
WorstFit,Insercao,Livres Ocupados,137
WorstFit,Insercao,Livres Ocupados,137
WorstFit,Insercao,Livres Ocupados,136
WorstFit,Insercao,Livres Ocupados,130
WorstFit,Insercao,Livres Ocupados,123
WorstFit,Insercao,Livres Ocupados,128
WorstFit,Insercao,Livres Ocupados,126
WorstFit,Insercao,Livres Ocupados,127
WorstFit,Insercao,Livres Ocupados,128
WorstFit,Insercao,Livres Ocupados,132
WorstFit,Insercao,Livres Ocupados,128
WorstFit,Insercao,Livres Ocupados,127
WorstFit,Insercao,Livres Ocupados,134
WorstFit,Insercao,Livres Ocupados,120
WorstFit,Insercao,Livres Ocupados,128
WorstFit,Insercao,Livres Ocupados,135
WorstFit,Insercao,Livres Ocupados,127
WorstFit,Insercao,Livres Ocupados,125
WorstFit,Insercao,Livres Ocupados,132
WorstFit,Insercao,Livres Ocupados,134
WorstFit,Insercao,Livres Ocupados,127
WorstFit,Insercao,Livres Ocupados,127
WorstFit,Insercao,Livres Ocupados,129
WorstFit,Insercao,Livres Ocupados,124
WorstFit,Insercao,Livres Ocupados,153
WorstFit,Insercao,Livres Ocupados,123
WorstFit,Insercao,Livres Ocupados,128
WorstFit,Insercao,Livres Ocupados,129
WorstFit,Insercao,Livres Ocupados,129
WorstFit,Insercao,Livres Ocupados,130
WorstFit,Insercao,Livres Ocupados,130
WorstFit,Insercao,Livres Ocupados,136
WorstFit,Insercao,Livres Ocupados,134
WorstFit,Insercao,Livres Ocupados,132
WorstFit,Insercao,Livres Ocupados,129
WorstFit,Insercao,Livres Ocupados,129
WorstFit,Insercao,Livres Ocupados,173
WorstFit,Insercao,Livres Ocupados,135
WorstFit,Insercao,Livres Ocupados,133
WorstFit,Insercao,Livres Ocupados,165
WorstFit,Insercao,Livres Ocupados,135
WorstFit,Insercao,Livres Ocupados,140
WorstFit,Insercao,Livres Ocupados,133
WorstFit,Insercao,Livres Ocupados,131
WorstFit,Insercao,Livres Ocupados,135
WorstFit,Insercao,Livres Ocupados,136
WorstFit,Insercao,Livres Ocupados,134
