WorstFit,Insercao,Livres Ocupados,127
WorstFit,Insercao,Livres Ocupados,265
WorstFit,Insercao,Livres Ocupados,121
WorstFit,Insercao,Livres Ocupados,132
WorstFit,Insercao,Livres Ocupados,123
WorstFit,Insercao,Livres Ocupados,153
WorstFit,Insercao,Livres Ocupados,123
WorstFit,Insercao,Livres Ocupados,122
WorstFit,Insercao,Livres Ocupados,129
WorstFit,Insercao,Livres Ocupados,118
WorstFit,Insercao,Livres Ocupados,121
WorstFit,Insercao,Livres Ocupados,203
WorstFit,Insercao,Livres Ocupados,120
WorstFit,Insercao,Livres Ocupados,118
WorstFit,Insercao,Livres Ocupados,121
WorstFit,Insercao,Livres Ocupados,185
WorstFit,Insercao,Livres Ocupados,115
WorstFit,Insercao,Livres Ocupados,120
WorstFit,Insercao,Livres Ocupados,149
WorstFit,Insercao,Livres Ocupados,121
WorstFit,Insercao,Livres Ocupados,138
WorstFit,Insercao,Livres Ocupados,131
WorstFit,Insercao,Livres Ocupados,127
WorstFit,Insercao,Livres Ocupados,122
WorstFit,Insercao,Livres Ocupados,137
WorstFit,Insercao,Livres Ocupados,124
WorstFit,Insercao,Livres Ocupados,122
WorstFit,Insercao,Livres Ocupados,129
WorstFit,Insercao,Livres Ocupados,124
WorstFit,Insercao,Livres Ocupados,125
WorstFit,Insercao,Livres Ocupados,129
WorstFit,Insercao,Livres Ocupados,126
WorstFit,Insercao,Livres Ocupados,122
WorstFit,Insercao,Livres Ocupados,127
WorstFit,Insercao,Livres Ocupados,163
WorstFit,Insercao,Livres Ocupados,119
WorstFit,Insercao,Livres Ocupados,131
WorstFit,Insercao,Livres Ocupados,135
WorstFit,Insercao,Livres Ocupados,126
WorstFit,Insercao,Livres Ocupados,125
WorstFit,Insercao,Livres Ocupados,133
WorstFit,Insercao,Livres Ocupados,131
WorstFit,Insercao,Livres Ocupados,125
WorstFit,Insercao,Livres Ocupados,124
WorstFit,Insercao,Livres Ocupados,135
WorstFit,Insercao,Livres Ocupados,119
WorstFit,Insercao,Livres Ocupados,127
WorstFit,Insercao,Livres Ocupados,126
WorstFit,Insercao,Livres Ocupados,125
WorstFit,Insercao,Livres Ocupados,123
WorstFit,Insercao,Livres Ocupados,123
WorstFit,Insercao,Livres Ocupados,123
WorstFit,Insercao,Livres Ocupados,143
WorstFit,Insercao,Livres Ocupados,129
WorstFit,Insercao,Livres Ocupados,125
WorstFit,Insercao,Livres Ocupados,125
WorstFit,Insercao,Livres Ocupados,129
WorstFit,Insercao,Livres Ocupados,126
WorstFit,Insercao,Livres Ocupados,124
WorstFit,Insercao,Livres Ocupados,126
WorstFit,Insercao,Livres Ocupados,212
WorstFit,Insercao,Livres Ocupados,128
WorstFit,Insercao,Livres Ocupados,126
WorstFit,Insercao,Livres Ocupados,133
WorstFit,Insercao,Livres Ocupados,176
WorstFit,Insercao,Livres Ocupados,131
WorstFit,Insercao,Livres Ocupados,134
WorstFit,Insercao,Livres Ocupados,126
WorstFit,Insercao,Livres Ocupados,125
WorstFit,Insercao,Livres Ocupados,129
WorstFit,Insercao,Livres Ocupados,124
WorstFit,Insercao,Livres Ocupados,136
WorstFit,Insercao,Livres Ocupados,127
WorstFit,Insercao,Livres Ocupados,295
WorstFit,Insercao,Livres Ocupados,176
WorstFit,Insercao,Livres Ocupados,132
WorstFit,Insercao,Livres Ocupados,134
WorstFit,Insercao,Livres Ocupados,132
WorstFit,Insercao,Livres Ocupados,135
WorstFit,Insercao,Livres Ocupados,193
WorstFit,Insercao,Livres Ocupados,140
WorstFit,Insercao,Livres Ocupados,128
WorstFit,Insercao,Livres Ocupados,131
WorstFit,Insercao,Livres Ocupados,148
WorstFit,Insercao,Livres Ocupados,134
WorstFit,Insercao,Livres Ocupados,136
WorstFit,Insercao,Livres Ocupados,241
WorstFit,Insercao,Livres Ocupados,124
WorstFit,Insercao,Livres Ocupados,135
WorstFit,Insercao,Livres Ocupados,137
WorstFit,Insercao,Livres Ocupados,137
WorstFit,Insercao,Livres Ocupados,134
WorstFit,Insercao,Livres Ocupados,136
WorstFit,Insercao,Livres Ocupados,128
WorstFit,Insercao,Livres Ocupados,129
WorstFit,Insercao,Livres Ocupados,133
WorstFit,Insercao,Livres Ocupados,128
WorstFit,Insercao,Livres Ocupados,128
WorstFit,Insercao,Livres Ocupados,136
WorstFit,Insercao,Livres Ocupados,138
WorstFit,Insercao,Livres Ocupados,132
