WorstFit,Insercao,Livres Ocupados,129
WorstFit,Insercao,Livres Ocupados,132
WorstFit,Insercao,Livres Ocupados,133
WorstFit,Insercao,Livres Ocupados,158
WorstFit,Insercao,Livres Ocupados,128
WorstFit,Insercao,Livres Ocupados,143
WorstFit,Insercao,Livres Ocupados,200
WorstFit,Insercao,Livres Ocupados,124
WorstFit,Insercao,Livres Ocupados,128
WorstFit,Insercao,Livres Ocupados,131
WorstFit,Insercao,Livres Ocupados,124
WorstFit,Insercao,Livres Ocupados,125
WorstFit,Insercao,Livres Ocupados,134
WorstFit,Insercao,Livres Ocupados,123
WorstFit,Insercao,Livres Ocupados,131
WorstFit,Insercao,Livres Ocupados,127
WorstFit,Insercao,Livres Ocupados,129
WorstFit,Insercao,Livres Ocupados,129
WorstFit,Insercao,Livres Ocupados,131
WorstFit,Insercao,Livres Ocupados,141
WorstFit,Insercao,Livres Ocupados,130
WorstFit,Insercao,Livres Ocupados,136
WorstFit,Insercao,Livres Ocupados,125
WorstFit,Insercao,Livres Ocupados,154
WorstFit,Insercao,Livres Ocupados,152
WorstFit,Insercao,Livres Ocupados,127
WorstFit,Insercao,Livres Ocupados,209
WorstFit,Insercao,Livres Ocupados,134
WorstFit,Insercao,Livres Ocupados,131
WorstFit,Insercao,Livres Ocupados,132
WorstFit,Insercao,Livres Ocupados,130
WorstFit,Insercao,Livres Ocupados,133
WorstFit,Insercao,Livres Ocupados,133
WorstFit,Insercao,Livres Ocupados,127
WorstFit,Insercao,Livres Ocupados,172
WorstFit,Insercao,Livres Ocupados,129
WorstFit,Insercao,Livres Ocupados,175
WorstFit,Insercao,Livres Ocupados,124
WorstFit,Insercao,Livres Ocupados,157
WorstFit,Insercao,Livres Ocupados,166
WorstFit,Insercao,Livres Ocupados,124
WorstFit,Insercao,Livres Ocupados,141
WorstFit,Insercao,Livres Ocupados,133
WorstFit,Insercao,Livres Ocupados,131
WorstFit,Insercao,Livres Ocupados,131
WorstFit,Insercao,Livres Ocupados,140
WorstFit,Insercao,Livres Ocupados,134
WorstFit,Insercao,Livres Ocupados,157
WorstFit,Insercao,Livres Ocupados,135
WorstFit,Insercao,Livres Ocupados,138
WorstFit,Insercao,Livres Ocupados,133
WorstFit,Insercao,Livres Ocupados,131
WorstFit,Insercao,Livres Ocupados,128
WorstFit,Insercao,Livres Ocupados,129
WorstFit,Insercao,Livres Ocupados,152
WorstFit,Insercao,Livres Ocupados,139
WorstFit,Insercao,Livres Ocupados,125
WorstFit,Insercao,Livres Ocupados,131
WorstFit,Insercao,Livres Ocupados,137
WorstFit,Insercao,Livres Ocupados,128
WorstFit,Insercao,Livres Ocupados,169
WorstFit,Insercao,Livres Ocupados,133
WorstFit,Insercao,Livres Ocupados,133
WorstFit,Insercao,Livres Ocupados,131
WorstFit,Insercao,Livres Ocupados,132
WorstFit,Insercao,Livres Ocupados,157
WorstFit,Insercao,Livres Ocupados,131
WorstFit,Insercao,Livres Ocupados,253
WorstFit,Insercao,Livres Ocupados,135
WorstFit,Insercao,Livres Ocupados,152
WorstFit,Insercao,Livres Ocupados,133
WorstFit,Insercao,Livres Ocupados,152
WorstFit,Insercao,Livres Ocupados,219
WorstFit,Insercao,Livres Ocupados,130
WorstFit,Insercao,Livres Ocupados,130
WorstFit,Insercao,Livres Ocupados,130
WorstFit,Insercao,Livres Ocupados,134
WorstFit,Insercao,Livres Ocupados,131
WorstFit,Insercao,Livres Ocupados,129
WorstFit,Insercao,Livres Ocupados,127
WorstFit,Insercao,Livres Ocupados,129
WorstFit,Insercao,Livres Ocupados,132
WorstFit,Insercao,Livres Ocupados,130
WorstFit,Insercao,Livres Ocupados,131
WorstFit,Insercao,Livres Ocupados,135
WorstFit,Insercao,Livres Ocupados,140
WorstFit,Insercao,Livres Ocupados,138
WorstFit,Insercao,Livres Ocupados,140
WorstFit,Insercao,Livres Ocupados,136
WorstFit,Insercao,Livres Ocupados,132
WorstFit,Insercao,Livres Ocupados,150
WorstFit,Insercao,Livres Ocupados,130
WorstFit,Insercao,Livres Ocupados,128
WorstFit,Insercao,Livres Ocupados,141
WorstFit,Insercao,Livres Ocupados,134
WorstFit,Insercao,Livres Ocupados,131
WorstFit,Insercao,Livres Ocupados,138
WorstFit,Insercao,Livres Ocupados,136
WorstFit,Insercao,Livres Ocupados,161
WorstFit,Insercao,Livres Ocupados,134
WorstFit,Insercao,Livres Ocupados,171
