FirstFit,Insercao,Livres Ocupados,9
FirstFit,Insercao,Livres Ocupados,9
FirstFit,Insercao,Livres Ocupados,9
FirstFit,Insercao,Livres Ocupados,125
FirstFit,Insercao,Livres Ocupados,9
FirstFit,Insercao,Livres Ocupados,13
FirstFit,Insercao,Livres Ocupados,9
FirstFit,Insercao,Livres Ocupados,60
FirstFit,Insercao,Livres Ocupados,6
FirstFit,Insercao,Livres Ocupados,15
FirstFit,Insercao,Livres Ocupados,21
FirstFit,Insercao,Livres Ocupados,21
FirstFit,Insercao,Livres Ocupados,66
FirstFit,Insercao,Livres Ocupados,8
FirstFit,Insercao,Livres Ocupados,46
FirstFit,Insercao,Livres Ocupados,79
FirstFit,Insercao,Livres Ocupados,117
FirstFit,Insercao,Livres Ocupados,102
FirstFit,Insercao,Livres Ocupados,35
FirstFit,Insercao,Livres Ocupados,87
FirstFit,Insercao,Livres Ocupados,126
FirstFit,Insercao,Livres Ocupados,29
FirstFit,Insercao,Livres Ocupados,23
FirstFit,Insercao,Livres Ocupados,14
FirstFit,Insercao,Livres Ocupados,19
FirstFit,Insercao,Livres Ocupados,125
FirstFit,Insercao,Livres Ocupados,30
FirstFit,Insercao,Livres Ocupados,143
FirstFit,Insercao,Livres Ocupados,38
FirstFit,Insercao,Livres Ocupados,153
FirstFit,Insercao,Livres Ocupados,117
FirstFit,Insercao,Livres Ocupados,67
FirstFit,Insercao,Livres Ocupados,160
FirstFit,Insercao,Livres Ocupados,74
FirstFit,Insercao,Livres Ocupados,297
FirstFit,Insercao,Livres Ocupados,33
FirstFit,Insercao,Livres Ocupados,21
FirstFit,Insercao,Livres Ocupados,55
FirstFit,Insercao,Livres Ocupados,42
FirstFit,Insercao,Livres Ocupados,58
FirstFit,Insercao,Livres Ocupados,121
FirstFit,Insercao,Livres Ocupados,49
FirstFit,Insercao,Livres Ocupados,58
FirstFit,Insercao,Livres Ocupados,112
FirstFit,Insercao,Livres Ocupados,159
FirstFit,Insercao,Livres Ocupados,294
FirstFit,Insercao,Livres Ocupados,109
FirstFit,Insercao,Livres Ocupados,55
FirstFit,Insercao,Livres Ocupados,62
FirstFit,Insercao,Livres Ocupados,11
FirstFit,Insercao,Livres Ocupados,268
FirstFit,Insercao,Livres Ocupados,106
FirstFit,Insercao,Livres Ocupados,17
FirstFit,Insercao,Livres Ocupados,72
FirstFit,Insercao,Livres Ocupados,237
FirstFit,Insercao,Livres Ocupados,147
FirstFit,Insercao,Livres Ocupados,264
FirstFit,Insercao,Livres Ocupados,74
FirstFit,Insercao,Livres Ocupados,138
FirstFit,Insercao,Livres Ocupados,260
FirstFit,Insercao,Livres Ocupados,209
FirstFit,Insercao,Livres Ocupados,86
FirstFit,Insercao,Livres Ocupados,236
FirstFit,Insercao,Livres Ocupados,71
FirstFit,Insercao,Livres Ocupados,27
FirstFit,Insercao,Livres Ocupados,285
FirstFit,Insercao,Livres Ocupados,32
FirstFit,Insercao,Livres Ocupados,59
FirstFit,Insercao,Livres Ocupados,283
FirstFit,Insercao,Livres Ocupados,340
FirstFit,Insercao,Livres Ocupados,98
FirstFit,Insercao,Livres Ocupados,103
FirstFit,Insercao,Livres Ocupados,93
FirstFit,Insercao,Livres Ocupados,178
FirstFit,Insercao,Livres Ocupados,276
FirstFit,Insercao,Livres Ocupados,206
FirstFit,Insercao,Livres Ocupados,166
FirstFit,Insercao,Livres Ocupados,132
FirstFit,Insercao,Livres Ocupados,31
FirstFit,Insercao,Livres Ocupados,130
FirstFit,Insercao,Livres Ocupados,213
FirstFit,Insercao,Livres Ocupados,291
FirstFit,Insercao,Livres Ocupados,242
FirstFit,Insercao,Livres Ocupados,190
FirstFit,Insercao,Livres Ocupados,161
FirstFit,Insercao,Livres Ocupados,187
FirstFit,Insercao,Livres Ocupados,205
FirstFit,Insercao,Livres Ocupados,358
FirstFit,Insercao,Livres Ocupados,144
FirstFit,Insercao,Livres Ocupados,169
FirstFit,Insercao,Livres Ocupados,132
FirstFit,Insercao,Livres Ocupados,176
FirstFit,Insercao,Livres Ocupados,238
FirstFit,Insercao,Livres Ocupados,37
FirstFit,Insercao,Livres Ocupados,149
FirstFit,Insercao,Livres Ocupados,35
