BestFit,Insercao,Livres Ocupados,117
BestFit,Insercao,Livres Ocupados,135
BestFit,Insercao,Livres Ocupados,117
BestFit,Insercao,Livres Ocupados,107
BestFit,Insercao,Livres Ocupados,132
BestFit,Insercao,Livres Ocupados,111
BestFit,Insercao,Livres Ocupados,115
BestFit,Insercao,Livres Ocupados,112
BestFit,Insercao,Livres Ocupados,120
BestFit,Insercao,Livres Ocupados,119
BestFit,Insercao,Livres Ocupados,120
BestFit,Insercao,Livres Ocupados,118
BestFit,Insercao,Livres Ocupados,115
BestFit,Insercao,Livres Ocupados,122
BestFit,Insercao,Livres Ocupados,110
BestFit,Insercao,Livres Ocupados,113
BestFit,Insercao,Livres Ocupados,162
BestFit,Insercao,Livres Ocupados,102
BestFit,Insercao,Livres Ocupados,113
BestFit,Insercao,Livres Ocupados,132
BestFit,Insercao,Livres Ocupados,120
BestFit,Insercao,Livres Ocupados,113
BestFit,Insercao,Livres Ocupados,120
BestFit,Insercao,Livres Ocupados,120
BestFit,Insercao,Livres Ocupados,125
BestFit,Insercao,Livres Ocupados,115
BestFit,Insercao,Livres Ocupados,118
BestFit,Insercao,Livres Ocupados,119
BestFit,Insercao,Livres Ocupados,109
BestFit,Insercao,Livres Ocupados,108
BestFit,Insercao,Livres Ocupados,114
BestFit,Insercao,Livres Ocupados,116
BestFit,Insercao,Livres Ocupados,106
BestFit,Insercao,Livres Ocupados,119
BestFit,Insercao,Livres Ocupados,115
BestFit,Insercao,Livres Ocupados,121
BestFit,Insercao,Livres Ocupados,125
BestFit,Insercao,Livres Ocupados,115
BestFit,Insercao,Livres Ocupados,119
BestFit,Insercao,Livres Ocupados,120
BestFit,Insercao,Livres Ocupados,138
BestFit,Insercao,Livres Ocupados,130
BestFit,Insercao,Livres Ocupados,124
BestFit,Insercao,Livres Ocupados,124
BestFit,Insercao,Livres Ocupados,120
BestFit,Insercao,Livres Ocupados,116
BestFit,Insercao,Livres Ocupados,128
BestFit,Insercao,Livres Ocupados,131
BestFit,Insercao,Livres Ocupados,127
BestFit,Insercao,Livres Ocupados,125
BestFit,Insercao,Livres Ocupados,145
BestFit,Insercao,Livres Ocupados,126
BestFit,Insercao,Livres Ocupados,124
BestFit,Insercao,Livres Ocupados,131
BestFit,Insercao,Livres Ocupados,114
BestFit,Insercao,Livres Ocupados,125
BestFit,Insercao,Livres Ocupados,112
BestFit,Insercao,Livres Ocupados,121
BestFit,Insercao,Livres Ocupados,113
BestFit,Insercao,Livres Ocupados,120
BestFit,Insercao,Livres Ocupados,116
BestFit,Insercao,Livres Ocupados,117
BestFit,Insercao,Livres Ocupados,201
BestFit,Insercao,Livres Ocupados,127
BestFit,Insercao,Livres Ocupados,132
BestFit,Insercao,Livres Ocupados,118
BestFit,Insercao,Livres Ocupados,128
BestFit,Insercao,Livres Ocupados,154
BestFit,Insercao,Livres Ocupados,118
BestFit,Insercao,Livres Ocupados,113
BestFit,Insercao,Livres Ocupados,115
BestFit,Insercao,Livres Ocupados,121
BestFit,Insercao,Livres Ocupados,131
BestFit,Insercao,Livres Ocupados,131
BestFit,Insercao,Livres Ocupados,134
BestFit,Insercao,Livres Ocupados,131
BestFit,Insercao,Livres Ocupados,117
BestFit,Insercao,Livres Ocupados,114
BestFit,Insercao,Livres Ocupados,152
BestFit,Insercao,Livres Ocupados,132
BestFit,Insercao,Livres Ocupados,130
BestFit,Insercao,Livres Ocupados,137
BestFit,Insercao,Livres Ocupados,169
BestFit,Insercao,Livres Ocupados,207
BestFit,Insercao,Livres Ocupados,122
BestFit,Insercao,Livres Ocupados,133
BestFit,Insercao,Livres Ocupados,181
BestFit,Insercao,Livres Ocupados,160
BestFit,Insercao,Livres Ocupados,134
BestFit,Insercao,Livres Ocupados,132
BestFit,Insercao,Livres Ocupados,125
BestFit,Insercao,Livres Ocupados,127
BestFit,Insercao,Livres Ocupados,126
BestFit,Insercao,Livres Ocupados,168
BestFit,Insercao,Livres Ocupados,146
BestFit,Insercao,Livres Ocupados,143
BestFit,Insercao,Livres Ocupados,143
BestFit,Insercao,Livres Ocupados,127
BestFit,Insercao,Livres Ocupados,135
BestFit,Insercao,Livres Ocupados,144
BestFit,Insercao,Livres Ocupados,145
