BestFit,Insercao,Livres Ocupados,36
BestFit,Insercao,Livres Ocupados,45
BestFit,Insercao,Livres Ocupados,35
BestFit,Insercao,Livres Ocupados,44
BestFit,Insercao,Livres Ocupados,34
BestFit,Insercao,Livres Ocupados,34
BestFit,Insercao,Livres Ocupados,59
BestFit,Insercao,Livres Ocupados,31
BestFit,Insercao,Livres Ocupados,31
BestFit,Insercao,Livres Ocupados,35
BestFit,Insercao,Livres Ocupados,50
BestFit,Insercao,Livres Ocupados,45
BestFit,Insercao,Livres Ocupados,39
BestFit,Insercao,Livres Ocupados,43
BestFit,Insercao,Livres Ocupados,45
BestFit,Insercao,Livres Ocupados,37
BestFit,Insercao,Livres Ocupados,38
BestFit,Insercao,Livres Ocupados,45
BestFit,Insercao,Livres Ocupados,65
BestFit,Insercao,Livres Ocupados,49
BestFit,Insercao,Livres Ocupados,37
BestFit,Insercao,Livres Ocupados,37
BestFit,Insercao,Livres Ocupados,65
BestFit,Insercao,Livres Ocupados,38
BestFit,Insercao,Livres Ocupados,44
BestFit,Insercao,Livres Ocupados,38
BestFit,Insercao,Livres Ocupados,42
BestFit,Insercao,Livres Ocupados,35
BestFit,Insercao,Livres Ocupados,46
BestFit,Insercao,Livres Ocupados,50
BestFit,Insercao,Livres Ocupados,38
BestFit,Insercao,Livres Ocupados,46
BestFit,Insercao,Livres Ocupados,38
BestFit,Insercao,Livres Ocupados,36
BestFit,Insercao,Livres Ocupados,38
BestFit,Insercao,Livres Ocupados,56
BestFit,Insercao,Livres Ocupados,37
BestFit,Insercao,Livres Ocupados,33
BestFit,Insercao,Livres Ocupados,41
BestFit,Insercao,Livres Ocupados,43
BestFit,Insercao,Livres Ocupados,44
BestFit,Insercao,Livres Ocupados,55
BestFit,Insercao,Livres Ocupados,52
BestFit,Insercao,Livres Ocupados,41
BestFit,Insercao,Livres Ocupados,52
BestFit,Insercao,Livres Ocupados,48
BestFit,Insercao,Livres Ocupados,44
BestFit,Insercao,Livres Ocupados,50
BestFit,Insercao,Livres Ocupados,47
BestFit,Insercao,Livres Ocupados,49
BestFit,Insercao,Livres Ocupados,54
BestFit,Insercao,Livres Ocupados,51
BestFit,Insercao,Livres Ocupados,44
BestFit,Insercao,Livres Ocupados,49
BestFit,Insercao,Livres Ocupados,40
BestFit,Insercao,Livres Ocupados,43
BestFit,Insercao,Livres Ocupados,65
BestFit,Insercao,Livres Ocupados,53
BestFit,Insercao,Livres Ocupados,40
BestFit,Insercao,Livres Ocupados,43
BestFit,Insercao,Livres Ocupados,116
BestFit,Insercao,Livres Ocupados,46
BestFit,Insercao,Livres Ocupados,56
BestFit,Insercao,Livres Ocupados,45
BestFit,Insercao,Livres Ocupados,41
BestFit,Insercao,Livres Ocupados,41
BestFit,Insercao,Livres Ocupados,57
BestFit,Insercao,Livres Ocupados,45
BestFit,Insercao,Livres Ocupados,51
BestFit,Insercao,Livres Ocupados,49
BestFit,Insercao,Livres Ocupados,44
BestFit,Insercao,Livres Ocupados,35
BestFit,Insercao,Livres Ocupados,46
BestFit,Insercao,Livres Ocupados,58
BestFit,Insercao,Livres Ocupados,52
BestFit,Insercao,Livres Ocupados,50
BestFit,Insercao,Livres Ocupados,43
BestFit,Insercao,Livres Ocupados,58
BestFit,Insercao,Livres Ocupados,90
BestFit,Insercao,Livres Ocupados,45
BestFit,Insercao,Livres Ocupados,46
BestFit,Insercao,Livres Ocupados,50
BestFit,Insercao,Livres Ocupados,56
BestFit,Insercao,Livres Ocupados,48
BestFit,Insercao,Livres Ocupados,45
BestFit,Insercao,Livres Ocupados,61
BestFit,Insercao,Livres Ocupados,46
BestFit,Insercao,Livres Ocupados,49
BestFit,Insercao,Livres Ocupados,59
BestFit,Insercao,Livres Ocupados,50
BestFit,Insercao,Livres Ocupados,46
BestFit,Insercao,Livres Ocupados,53
BestFit,Insercao,Livres Ocupados,44
BestFit,Insercao,Livres Ocupados,64
BestFit,Insercao,Livres Ocupados,50
BestFit,Insercao,Livres Ocupados,53
BestFit,Insercao,Livres Ocupados,52
BestFit,Insercao,Livres Ocupados,58
BestFit,Insercao,Livres Ocupados,47
BestFit,Insercao,Livres Ocupados,61
BestFit,Insercao,Livres Ocupados,60
