WorstFit,Insercao,Livres Ocupados,164
WorstFit,Insercao,Livres Ocupados,186
WorstFit,Insercao,Livres Ocupados,209
WorstFit,Insercao,Livres Ocupados,179
WorstFit,Insercao,Livres Ocupados,313
WorstFit,Insercao,Livres Ocupados,247
WorstFit,Insercao,Livres Ocupados,180
WorstFit,Insercao,Livres Ocupados,168
WorstFit,Insercao,Livres Ocupados,177
WorstFit,Insercao,Livres Ocupados,173
WorstFit,Insercao,Livres Ocupados,193
WorstFit,Insercao,Livres Ocupados,169
WorstFit,Insercao,Livres Ocupados,200
WorstFit,Insercao,Livres Ocupados,213
WorstFit,Insercao,Livres Ocupados,210
WorstFit,Insercao,Livres Ocupados,235
WorstFit,Insercao,Livres Ocupados,171
WorstFit,Insercao,Livres Ocupados,206
WorstFit,Insercao,Livres Ocupados,180
WorstFit,Insercao,Livres Ocupados,183
WorstFit,Insercao,Livres Ocupados,187
WorstFit,Insercao,Livres Ocupados,287
WorstFit,Insercao,Livres Ocupados,296
WorstFit,Insercao,Livres Ocupados,188
WorstFit,Insercao,Livres Ocupados,210
WorstFit,Insercao,Livres Ocupados,184
WorstFit,Insercao,Livres Ocupados,201
WorstFit,Insercao,Livres Ocupados,192
WorstFit,Insercao,Livres Ocupados,213
WorstFit,Insercao,Livres Ocupados,242
WorstFit,Insercao,Livres Ocupados,195
WorstFit,Insercao,Livres Ocupados,206
WorstFit,Insercao,Livres Ocupados,174
WorstFit,Insercao,Livres Ocupados,218
WorstFit,Insercao,Livres Ocupados,196
WorstFit,Insercao,Livres Ocupados,224
WorstFit,Insercao,Livres Ocupados,284
WorstFit,Insercao,Livres Ocupados,205
WorstFit,Insercao,Livres Ocupados,266
WorstFit,Insercao,Livres Ocupados,283
WorstFit,Insercao,Livres Ocupados,200
WorstFit,Insercao,Livres Ocupados,228
WorstFit,Insercao,Livres Ocupados,216
WorstFit,Insercao,Livres Ocupados,313
WorstFit,Insercao,Livres Ocupados,209
WorstFit,Insercao,Livres Ocupados,266
WorstFit,Insercao,Livres Ocupados,285
WorstFit,Insercao,Livres Ocupados,212
WorstFit,Insercao,Livres Ocupados,223
WorstFit,Insercao,Livres Ocupados,291
WorstFit,Insercao,Livres Ocupados,216
WorstFit,Insercao,Livres Ocupados,251
WorstFit,Insercao,Livres Ocupados,210
WorstFit,Insercao,Livres Ocupados,220
WorstFit,Insercao,Livres Ocupados,258
WorstFit,Insercao,Livres Ocupados,358
WorstFit,Insercao,Livres Ocupados,273
WorstFit,Insercao,Livres Ocupados,227
WorstFit,Insercao,Livres Ocupados,246
WorstFit,Insercao,Livres Ocupados,207
WorstFit,Insercao,Livres Ocupados,220
WorstFit,Insercao,Livres Ocupados,244
WorstFit,Insercao,Livres Ocupados,202
WorstFit,Insercao,Livres Ocupados,220
WorstFit,Insercao,Livres Ocupados,238
WorstFit,Insercao,Livres Ocupados,261
WorstFit,Insercao,Livres Ocupados,358
WorstFit,Insercao,Livres Ocupados,246
WorstFit,Insercao,Livres Ocupados,232
WorstFit,Insercao,Livres Ocupados,212
WorstFit,Insercao,Livres Ocupados,418
WorstFit,Insercao,Livres Ocupados,242
WorstFit,Insercao,Livres Ocupados,257
WorstFit,Insercao,Livres Ocupados,230
WorstFit,Insercao,Livres Ocupados,218
WorstFit,Insercao,Livres Ocupados,242
WorstFit,Insercao,Livres Ocupados,255
WorstFit,Insercao,Livres Ocupados,266
