BestFit,Insercao,Livres Ocupados,125
BestFit,Insercao,Livres Ocupados,127
BestFit,Insercao,Livres Ocupados,127
BestFit,Insercao,Livres Ocupados,112
BestFit,Insercao,Livres Ocupados,123
BestFit,Insercao,Livres Ocupados,127
BestFit,Insercao,Livres Ocupados,120
BestFit,Insercao,Livres Ocupados,117
BestFit,Insercao,Livres Ocupados,134
BestFit,Insercao,Livres Ocupados,119
BestFit,Insercao,Livres Ocupados,126
BestFit,Insercao,Livres Ocupados,122
BestFit,Insercao,Livres Ocupados,120
BestFit,Insercao,Livres Ocupados,124
BestFit,Insercao,Livres Ocupados,123
BestFit,Insercao,Livres Ocupados,126
BestFit,Insercao,Livres Ocupados,125
BestFit,Insercao,Livres Ocupados,123
BestFit,Insercao,Livres Ocupados,132
BestFit,Insercao,Livres Ocupados,121
BestFit,Insercao,Livres Ocupados,118
BestFit,Insercao,Livres Ocupados,123
BestFit,Insercao,Livres Ocupados,125
BestFit,Insercao,Livres Ocupados,130
BestFit,Insercao,Livres Ocupados,131
BestFit,Insercao,Livres Ocupados,126
BestFit,Insercao,Livres Ocupados,134
BestFit,Insercao,Livres Ocupados,117
BestFit,Insercao,Livres Ocupados,124
BestFit,Insercao,Livres Ocupados,120
BestFit,Insercao,Livres Ocupados,128
BestFit,Insercao,Livres Ocupados,130
BestFit,Insercao,Livres Ocupados,114
BestFit,Insercao,Livres Ocupados,157
BestFit,Insercao,Livres Ocupados,118
BestFit,Insercao,Livres Ocupados,129
BestFit,Insercao,Livres Ocupados,134
BestFit,Insercao,Livres Ocupados,131
BestFit,Insercao,Livres Ocupados,133
BestFit,Insercao,Livres Ocupados,149
BestFit,Insercao,Livres Ocupados,128
BestFit,Insercao,Livres Ocupados,137
BestFit,Insercao,Livres Ocupados,133
BestFit,Insercao,Livres Ocupados,127
BestFit,Insercao,Livres Ocupados,126
BestFit,Insercao,Livres Ocupados,122
BestFit,Insercao,Livres Ocupados,131
BestFit,Insercao,Livres Ocupados,137
BestFit,Insercao,Livres Ocupados,134
BestFit,Insercao,Livres Ocupados,124
BestFit,Insercao,Livres Ocupados,125
BestFit,Insercao,Livres Ocupados,131
BestFit,Insercao,Livres Ocupados,132
BestFit,Insercao,Livres Ocupados,147
BestFit,Insercao,Livres Ocupados,166
BestFit,Insercao,Livres Ocupados,132
BestFit,Insercao,Livres Ocupados,123
BestFit,Insercao,Livres Ocupados,134
BestFit,Insercao,Livres Ocupados,140
BestFit,Insercao,Livres Ocupados,127
BestFit,Insercao,Livres Ocupados,154
BestFit,Insercao,Livres Ocupados,135
BestFit,Insercao,Livres Ocupados,124
BestFit,Insercao,Livres Ocupados,147
BestFit,Insercao,Livres Ocupados,129
BestFit,Insercao,Livres Ocupados,125
BestFit,Insercao,Livres Ocupados,139
BestFit,Insercao,Livres Ocupados,144
BestFit,Insercao,Livres Ocupados,129
BestFit,Insercao,Livres Ocupados,119
BestFit,Insercao,Livres Ocupados,127
BestFit,Insercao,Livres Ocupados,127
BestFit,Insercao,Livres Ocupados,145
BestFit,Insercao,Livres Ocupados,177
BestFit,Insercao,Livres Ocupados,137
BestFit,Insercao,Livres Ocupados,134
BestFit,Insercao,Livres Ocupados,120
BestFit,Insercao,Livres Ocupados,122
BestFit,Insercao,Livres Ocupados,128
BestFit,Insercao,Livres Ocupados,141
BestFit,Insercao,Livres Ocupados,141
BestFit,Insercao,Livres Ocupados,141
BestFit,Insercao,Livres Ocupados,144
BestFit,Insercao,Livres Ocupados,138
BestFit,Insercao,Livres Ocupados,132
BestFit,Insercao,Livres Ocupados,145
BestFit,Insercao,Livres Ocupados,139
BestFit,Insercao,Livres Ocupados,126
BestFit,Insercao,Livres Ocupados,144
BestFit,Insercao,Livres Ocupados,138
BestFit,Insercao,Livres Ocupados,123
BestFit,Insercao,Livres Ocupados,157
BestFit,Insercao,Livres Ocupados,128
BestFit,Insercao,Livres Ocupados,146
BestFit,Insercao,Livres Ocupados,148
BestFit,Insercao,Livres Ocupados,152
BestFit,Insercao,Livres Ocupados,146
BestFit,Insercao,Livres Ocupados,145
BestFit,Insercao,Livres Ocupados,136
BestFit,Insercao,Livres Ocupados,139
BestFit,Insercao,Livres Ocupados,145
