FirstFit,Insercao,Livres Ocupados,12
FirstFit,Insercao,Livres Ocupados,5
FirstFit,Insercao,Livres Ocupados,16
FirstFit,Insercao,Livres Ocupados,103
FirstFit,Insercao,Livres Ocupados,15
FirstFit,Insercao,Livres Ocupados,20
FirstFit,Insercao,Livres Ocupados,17
FirstFit,Insercao,Livres Ocupados,28
FirstFit,Insercao,Livres Ocupados,17
FirstFit,Insercao,Livres Ocupados,20
FirstFit,Insercao,Livres Ocupados,25
FirstFit,Insercao,Livres Ocupados,25
FirstFit,Insercao,Livres Ocupados,28
FirstFit,Insercao,Livres Ocupados,17
FirstFit,Insercao,Livres Ocupados,57
FirstFit,Insercao,Livres Ocupados,43
FirstFit,Insercao,Livres Ocupados,43
FirstFit,Insercao,Livres Ocupados,48
FirstFit,Insercao,Livres Ocupados,38
FirstFit,Insercao,Livres Ocupados,48
FirstFit,Insercao,Livres Ocupados,45
FirstFit,Insercao,Livres Ocupados,42
FirstFit,Insercao,Livres Ocupados,36
FirstFit,Insercao,Livres Ocupados,18
FirstFit,Insercao,Livres Ocupados,18
FirstFit,Insercao,Livres Ocupados,84
FirstFit,Insercao,Livres Ocupados,43
FirstFit,Insercao,Livres Ocupados,97
FirstFit,Insercao,Livres Ocupados,50
FirstFit,Insercao,Livres Ocupados,86
FirstFit,Insercao,Livres Ocupados,89
FirstFit,Insercao,Livres Ocupados,43
FirstFit,Insercao,Livres Ocupados,117
FirstFit,Insercao,Livres Ocupados,55
FirstFit,Insercao,Livres Ocupados,125
FirstFit,Insercao,Livres Ocupados,79
FirstFit,Insercao,Livres Ocupados,21
FirstFit,Insercao,Livres Ocupados,73
FirstFit,Insercao,Livres Ocupados,77
FirstFit,Insercao,Livres Ocupados,89
FirstFit,Insercao,Livres Ocupados,95
FirstFit,Insercao,Livres Ocupados,24
FirstFit,Insercao,Livres Ocupados,99
FirstFit,Insercao,Livres Ocupados,106
FirstFit,Insercao,Livres Ocupados,112
FirstFit,Insercao,Livres Ocupados,210
FirstFit,Insercao,Livres Ocupados,82
FirstFit,Insercao,Livres Ocupados,25
FirstFit,Insercao,Livres Ocupados,65
FirstFit,Insercao,Livres Ocupados,17
FirstFit,Insercao,Livres Ocupados,127
FirstFit,Insercao,Livres Ocupados,120
FirstFit,Insercao,Livres Ocupados,22
FirstFit,Insercao,Livres Ocupados,42
FirstFit,Insercao,Livres Ocupados,129
FirstFit,Insercao,Livres Ocupados,114
FirstFit,Insercao,Livres Ocupados,131
FirstFit,Insercao,Livres Ocupados,119
FirstFit,Insercao,Livres Ocupados,120
FirstFit,Insercao,Livres Ocupados,121
FirstFit,Insercao,Livres Ocupados,157
FirstFit,Insercao,Livres Ocupados,130
FirstFit,Insercao,Livres Ocupados,134
FirstFit,Insercao,Livres Ocupados,114
FirstFit,Insercao,Livres Ocupados,24
FirstFit,Insercao,Livres Ocupados,141
FirstFit,Insercao,Livres Ocupados,30
FirstFit,Insercao,Livres Ocupados,41
FirstFit,Insercao,Livres Ocupados,137
FirstFit,Insercao,Livres Ocupados,165
FirstFit,Insercao,Livres Ocupados,139
FirstFit,Insercao,Livres Ocupados,174
FirstFit,Insercao,Livres Ocupados,44
FirstFit,Insercao,Livres Ocupados,51
FirstFit,Insercao,Livres Ocupados,82
FirstFit,Insercao,Livres Ocupados,142
FirstFit,Insercao,Livres Ocupados,173
FirstFit,Insercao,Livres Ocupados,156
FirstFit,Insercao,Livres Ocupados,148
FirstFit,Insercao,Livres Ocupados,155
FirstFit,Insercao,Livres Ocupados,100
FirstFit,Insercao,Livres Ocupados,32
FirstFit,Insercao,Livres Ocupados,44
FirstFit,Insercao,Livres Ocupados,157
FirstFit,Insercao,Livres Ocupados,160
FirstFit,Insercao,Livres Ocupados,107
FirstFit,Insercao,Livres Ocupados,184
FirstFit,Insercao,Livres Ocupados,173
FirstFit,Insercao,Livres Ocupados,110
FirstFit,Insercao,Livres Ocupados,114
FirstFit,Insercao,Livres Ocupados,270
FirstFit,Insercao,Livres Ocupados,169
FirstFit,Insercao,Livres Ocupados,180
FirstFit,Insercao,Livres Ocupados,43
FirstFit,Insercao,Livres Ocupados,51
FirstFit,Insercao,Livres Ocupados,63
FirstFit,Insercao,Livres Ocupados,110
FirstFit,Insercao,Livres Ocupados,189
FirstFit,Insercao,Livres Ocupados,35
FirstFit,Insercao,Livres Ocupados,116
FirstFit,Insercao,Livres Ocupados,88
